id,type,x_m,y_m,z_m,radius_m,conductivity_W_mK,temperature_K,g_hot_W_K,g_cold_W_K,hot_link,cold_link
1,1,0.0011707,0.00511052,0.000726714,0.00075,1.0,300.95027796616387,0.0002643066400982009,0.0,contact,none
2,1,0.00682956,0.00395168,0.0019128,0.00075,1.0,300.8430787421255,0.0,0.0,none,none
3,1,0.00344407,0.00137597,0.00702864,0.00075,10.0,300.52026624433813,0.0,0.0,none,none
4,1,0.00379403,0.00436476,0.000690016,0.00075,1.0,300.94863583355504,0.00042420749639769456,0.0,contact,none
5,1,0.00628875,0.00663954,0.00724597,0.00075,1.0,300.5051435569382,0.0,0.0,none,none
6,1,0.00542279,0.00680687,0.00141509,0.00075,1.0,nan,0.0,0.0,none,none
7,1,0.00404529,0.00458572,0.00550295,0.00075,1.0,300.62780917651884,0.0,0.0,none,none
8,1,0.00256822,0.00185237,0.00540656,0.00075,1.0,300.6544541429898,0.0,0.0,none,none
9,1,0.000740444,0.00561481,0.00518617,0.00075,1.0,300.64856583301355,0.0,0.0,none,none
10,1,0.0037849,0.00384102,0.00271738,0.00075,1.0,300.78726322510937,0.0,0.0,none,none
11,1,0.0010634,0.00688146,0.00446362,0.00075,1.0,300.7191325319882,0.0,0.0,none,none
12,1,0.00136381,0.00400063,0.00166595,0.00075,1.0,300.8861763912783,0.0,0.0,none,none
13,1,0.00180116,0.0029669,0.000724021,0.00075,1.0,300.9606340145796,0.0002791719899989967,0.0,contact,none
14,1,0.00285347,0.00194218,0.0021302,0.00075,1.0,300.8417830778056,0.0,0.0,none,none
15,1,0.00515781,0.00388396,0.00614525,0.00075,1.0,300.57757395801616,0.0,0.0,none,none
16,1,0.00439855,0.00238369,0.001787,0.00075,1.0,300.93582665164655,0.0,0.0,none,none
17,1,0.00219297,0.00549159,0.00280579,0.00075,1.0,300.80086830147076,0.0,0.0,none,none
18,1,0.00141109,0.00219405,0.00611624,0.00075,1.0,300.5929160633595,0.0,0.0,none,none
19,1,0.00279567,0.00445008,0.00364297,0.00075,1.0,300.74498676815006,0.0,0.0,none,none
20,1,0.00657539,0.00315625,0.00310777,0.00075,1.0,300.76675044614854,0.0,0.0,none,none
21,1,0.00614882,0.00494256,0.00385241,0.00075,1.0,300.73131080789955,0.0,0.0,none,none
22,1,0.00417694,0.00499294,0.00190663,0.00075,1.0,300.8406117742114,0.0,0.0,none,none
23,1,0.00276292,0.00450743,0.00186774,0.00075,1.0,300.8380136890672,0.0,0.0,none,none
24,1,0.0037867,0.00244212,0.00315535,0.00075,1.0,300.7905593332424,0.0,0.0,none,none
25,1,0.00513715,0.00270404,0.00535036,0.00075,1.0,300.63221021470457,0.0,0.0,none,none
26,1,0.00592388,0.00278187,0.00166533,0.00075,1.0,300.8899364491148,0.0,0.0,none,none
27,1,0.00334507,0.00422073,0.00719383,0.00075,1.0,300.5173496047348,0.0,0.0,none,none
28,1,0.00666115,0.0049784,0.000832305,0.00075,1.0,300.8879253759295,0.0,0.0,none,none
29,1,0.00569894,0.00246102,0.00403909,0.00075,10.0,300.69065818346127,0.0,0.0,none,none
30,1,0.00603666,0.00111207,0.00593149,0.00075,1.0,300.66035725452195,0.0,0.0,none,none
31,1,0.00514995,0.00373308,0.000801508,0.00075,1.0,300.91678406956373,0.0,0.0,none,none
32,1,0.00228033,0.00509546,0.00687752,0.00075,1.0,300.5230356336553,0.0,0.0,none,none
33,1,0.0014567,0.00233273,0.00226515,0.00075,1.0,300.86079284501136,0.0,0.0,none,none
34,1,0.00279029,0.00552338,0.00076022,0.00075,1.0,300.8892304904578,0.0,0.0,none,none
35,1,0.00511477,0.00321219,0.00288116,0.00075,1.0,300.7649225112733,0.0,0.0,none,none
36,1,0.00387528,0.0021753,0.00484406,0.00075,1.0,300.66675622526793,0.0,0.0,none,none
37,1,0.00351676,0.00601883,0.0026573,0.00075,1.0,300.80625218416617,0.0,0.0,none,none
38,1,0.0029903,0.00719235,0.0019787,0.00075,1.0,300.8501364132298,0.0,0.0,none,none
39,1,0.0050585,0.00173411,0.00296705,0.00075,1.0,300.7933819249208,0.0,0.0,none,none
40,1,0.00505141,0.0057516,0.00432738,0.00075,1.0,300.6978928111587,0.0,0.0,none,none
41,1,0.00623812,0.00369021,0.00455737,0.00075,1.0,300.66795009623684,0.0,0.0,none,none
42,1,0.00618351,0.00256406,0.00668012,0.00075,10.0,300.55842800543076,0.0,0.0,none,none
43,1,0.00597012,0.00526271,0.00695189,0.00075,1.0,300.5417594633095,0.0,0.0,none,none
44,1,0.00498613,0.00577743,0.00284157,0.00075,1.0,300.7823879658847,0.0,0.0,none,none
45,1,0.00289932,0.00316402,0.00435227,0.00075,1.0,300.69578668003277,0.0,0.0,none,none
46,1,0.0064113,0.00170331,0.00258678,0.00075,10.0,300.9001598825137,0.0,0.0,none,none
47,1,0.00366126,0.00537321,0.00433115,0.00075,1.0,300.69869107526324,0.0,0.0,none,none
48,1,0.00479755,0.00450517,0.00355692,0.00075,1.0,300.7346167292063,0.0,0.0,none,none
49,1,0.00455066,0.00499305,0.00683327,0.00075,1.0,300.556320079817,0.0,0.0,none,none
50,1,0.0042939,0.00353752,0.00449492,0.00075,1.0,300.67712893402825,0.0,0.0,none,none
51,1,0.00233097,0.00324931,0.00568384,0.00075,1.0,300.6451649896189,0.0,0.0,none,none
52,1,0.00284111,0.00193883,0.000692047,0.00075,1.0,300.9506352805138,0.00041696402722537113,0.0,contact,none
53,1,0.00320316,0.00319229,0.00135556,0.00075,1.0,300.91719416527786,0.0,0.0,none,none
54,1,0.00622494,0.00654224,0.00265633,0.00075,1.0,300.80553336219594,0.0,0.0,none,none
55,1,0.00648516,0.00245198,0.00527826,0.00075,10.0,300.6338389543253,0.0,0.0,none,none
56,1,0.00274193,0.00641659,0.00382049,0.00075,1.0,300.741205600295,0.0,0.0,none,none
57,1,0.00197388,0.00535377,0.00445731,0.00075,1.0,300.69463329671004,0.0,0.0,none,none
58,1,0.0040045,0.00634479,0.00125722,0.00075,1.0,nan,0.0,0.0,none,none
59,1,0.00241118,0.00322744,0.00293495,0.00075,1.0,300.78476707507167,0.0,0.0,none,none
60,1,0.00172597,0.00615287,0.00160933,0.00075,1.0,300.8892304904578,0.0,0.0,none,none
61,1,0.000977101,0.000911616,0.00545079,0.00075,1.0,300.62708286259675,0.0,0.0,none,none
62,1,0.00443702,0.00126193,0.00603096,0.00075,10.0,300.585163985016,0.0,0.0,none,none
63,1,0.00561194,0.00474941,0.00194474,0.00075,1.0,300.84184523999545,0.0,0.0,none,none
64,1,0.00170942,0.00703751,0.00312605,0.00075,1.0,300.7897096188526,0.0,0.0,none,none
65,1,0.00243152,0.00701389,0.000672135,0.00075,1.0,300.94023576681894,0.0004833166663793004,0.0,contact,none
66,1,0.00188511,0.00601158,0.00583302,0.00075,1.0,300.5697616739879,0.0,0.0,none,none
67,1,0.000323769,0.00273242,0.000725229,0.00075,1.0,300.94758973841647,0.0002726041085530446,0.0,contact,none
68,1,0.00634732,0.00449835,0.00574789,0.00075,1.0,300.6158598238723,0.0,0.0,none,none
69,1,0.00217128,0.00731696,0.00538021,0.00075,1.0,300.57118310019564,0.0,0.0,none,none
70,1,0.00258048,0.00464355,0.00556401,0.00075,1.0,300.6181742332102,0.0,0.0,none,none
71,1,0.00453461,0.00191424,0.0111223,0.00075,10.0,300.2742516538507,0.0,0.0,none,none
72,1,0.00353546,0.00135252,0.0103632,0.00075,10.0,300.32829041023643,0.0,0.0,none,none
73,1,0.0045999,0.00528853,0.0136847,0.00075,1.0,300.12383312796317,0.0,0.0,none,none
74,1,0.00217832,0.00686735,0.0128385,0.00075,1.0,nan,0.0,0.0,none,none
75,1,0.00467253,0.00419829,0.0110359,0.00075,1.0,300.2802318544226,0.0,0.0,none,none
76,1,0.0072877,0.00593717,0.00805869,0.00075,1.0,300.4650199123464,0.0,0.0,none,none
77,1,0.00464089,0.00120988,0.00938556,0.00075,1.0,300.386264867402,0.0,0.0,none,none
78,1,0.00284042,0.00729213,0.014276,0.00075,1.0,300.10980535119086,0.0,0.0,none,none
79,1,0.00494062,0.00455944,0.0124385,0.00075,1.0,300.18679321824436,0.0,0.0,none,none
80,1,0.00435703,0.00687876,0.00928385,0.00075,1.0,300.38443951183865,0.0,0.0,none,none
81,1,0.00145594,0.00708937,0.0146906,0.00075,1.0,300.05568696919397,0.0,0.0004581445607570868,none,contact
82,1,0.00587305,0.00579836,0.00838813,0.00075,1.0,300.4590751396313,0.0,0.0,none,none
83,1,0.00360872,0.00484254,0.0146581,0.00075,1.0,300.0660600254863,0.0,0.0003352557807873048,none,contact
84,1,0.00564652,0.00211842,0.0143288,0.00075,1.0,300.0763938876944,0.0,0.0,none,none
85,1,0.00164471,0.00457336,0.0103152,0.00075,1.0,300.2932862880949,0.0,0.0,none,none
86,1,0.00718678,0.00427955,0.0126152,0.00075,1.0,300.1806156501908,0.0,0.0,none,none
87,1,0.00138808,0.015197,0.0138185,0.00075,1.0,300.1209105450539,0.0,0.0,none,none
88,1,0.00223355,0.00409084,0.0115971,0.00075,1.0,300.2305355876302,0.0,0.0,none,none
89,1,0.00712973,0.0058333,0.0100266,0.00075,1.0,300.33863439892525,0.0,0.0,none,none
90,1,0.00514102,0.00550627,0.0107058,0.00075,1.0,300.29912095562787,0.0,0.0,none,none
91,1,0.00196848,0.00116962,0.0135393,0.00075,1.0,300.13792735864575,0.0,0.0,none,none
92,1,0.00482817,0.00669996,0.00792395,0.00075,1.0,300.4606715713324,0.0,0.0,none,none
93,1,0.00470613,0.00231828,0.0124863,0.00075,10.0,300.22042791490577,0.0,0.0,none,none
94,1,0.00227713,0.00190508,0.0102162,0.00075,1.0,300.32828595308433,0.0,0.0,none,none
95,1,0.00357693,0.00171218,0.0130554,0.00075,10.0,300.1689305650773,0.0,0.0,none,none
96,1,0.00303034,0.00339469,0.00880031,0.00075,1.0,300.3978489636807,0.0,0.0,none,none
97,1,0.00408372,0.0063961,0.0105598,0.00075,1.0,300.3110911832572,0.0,0.0,none,none
98,1,0.00524266,0.0152823,0.00960948,0.00075,1.0,300.3919273960695,0.0,0.0,none,none
99,1,0.00605772,0.00493369,0.013339,0.00075,1.0,300.1369270980594,0.0,0.0,none,none
100,1,0.00178176,0.00362604,0.0129601,0.00075,1.0,300.17694574614575,0.0,0.0,none,none
101,2,0.00399246,0.00186836,0.0145468,0.001,10.0,300.0466566710865,0.0,0.008394414321847602,none,contact
102,2,0.00710799,0.00456736,0.0089545,0.001,1.0,300.42447071078215,0.0,0.0,none,none
103,2,0.00357848,0.00304545,0.0103741,0.001,10.0,300.3133147458959,0.0,0.0,none,none
104,2,0.00481632,0.0036413,0.0144291,0.001,1.0,300.0535248201343,0.0,0.00048359271920533285,none,contact
105,2,0.00567325,0.00610861,0.0121082,0.001,1.0,300.2143397634122,0.0,0.0,none,none
106,2,0.00849744,0.00525546,0.0125753,0.001,1.0,300.1820683624929,0.0,0.0,none,none
107,2,0.000851763,0.00328753,0.0143884,0.001,1.0,300.0624311978085,0.0,0.00026657441375421475,none,contact
108,2,0.00710458,0.00632546,0.0132729,0.001,1.0,300.14300359047036,0.0,0.0,none,none
109,2,0.00198132,0.0046344,0.00845073,0.001,1.0,300.4153532634286,0.0,0.0,none,none
110,2,0.00458323,0.00278487,0.00880242,0.001,10.0,300.41744421214236,0.0,0.0,none,none
111,2,0.00507721,0.00157563,0.00747549,0.001,10.0,300.5123176089219,0.0,0.0,none,none
112,2,0.00280501,0.00261203,0.0120275,0.001,10.0,300.22794728621267,0.0,0.0,none,none
113,2,0.00104019,0.00216431,0.0125441,0.001,1.0,300.18528130616846,0.0,0.0,none,none
114,2,0.00388317,0.00286776,0.00643502,0.001,1.0,300.5480032610195,0.0,0.0,none,none
115,2,0.00575946,0.00382595,0.00773708,0.001,1.0,300.48244351328043,0.0,0.0,none,none
116,2,0.00577752,0.00304296,0.0114438,0.001,1.0,300.25767278674584,0.0,0.0,none,none
117,2,0.0063902,0.00292149,0.00959416,0.001,1.0,300.3810122843341,0.0,0.0,none,none
118,2,0.00662637,0.0047182,0.0111098,0.001,1.0,300.25673686320897,0.0,0.0,none,none
119,2,0.00663465,0.00339992,0.0138561,0.001,1.0,300.1110536645355,0.0,0.0,none,none
120,2,0.00341431,0.0041004,0.0131237,0.001,1.0,300.16080766672405,0.0,0.0,none,none
121,2,0.00229923,0.00267082,0.00746956,0.001,1.0,300.4670097354991,0.0,0.0,none,none
122,2,0.00581121,0.00614364,0.0145423,0.001,1.0,300.06602583876355,0.0,0.0008286506610559103,none,contact
123,2,0.00333322,0.00488549,0.0102589,0.001,1.0,300.308288799892,0.0,0.0,none,none
124,2,0.00155176,0.00643669,0.00746675,0.001,1.0,300.47421013203495,0.0,0.0,none,none
125,2,0.00370366,0.0054593,0.00828345,0.001,1.0,300.4480473946216,0.0,0.0,none,none
126,2,0.00508948,0.00460041,0.0093519,0.001,1.0,300.4090255202129,0.0,0.0,none,none
127,2,0.00222954,0.00617771,0.00949663,0.001,1.0,300.3495086374906,0.0,0.0,none,none
128,2,0.00375294,0.00581914,0.0122878,0.001,1.0,300.19217575990393,0.0,0.0,none,none
129,2,0.0029563,0.00730875,0.0113204,0.001,1.0,300.2562555289181,0.0,0.0,none,none
130,2,0.00589556,0.00134181,0.0104678,0.001,1.0,300.3210092379745,0.0,0.0,none,none
131,2,0.0077656,0.00155249,0.0103037,0.001,1.0,300.3313636862304,0.0,0.0,none,none
132,2,0.00143241,0.00313414,0.00952206,0.001,1.0,300.3477113872523,0.0,0.0,none,none
133,2,0.00661049,0.0018539,0.0126613,0.001,1.0,300.15872638191314,0.0,0.0,none,none
134,2,0.00593466,0.00696661,0.00987621,0.001,1.0,300.3440647827851,0.0,0.0,none,none
135,2,0.00526479,0.0112222,0.00640163,0.001,1.0,300.5516472444516,0.0,0.0,none,none
136,2,0.00370291,0.0104493,0.00562724,0.001,1.0,300.6065619869081,0.0,0.0,none,none
137,2,0.00529349,0.00897474,0.0035077,0.001,1.0,300.75150977399244,0.0,0.0,none,none
138,2,0.00272268,0.00816306,0.00378704,0.001,1.0,300.7269159209362,0.0,0.0,none,none
139,2,0.00144722,0.0138203,0.00239112,0.001,1.0,300.81874036301207,0.0,0.0,none,none
140,2,0.00481115,0.0144793,0.00489786,0.001,1.0,300.63553853523007,0.0,0.0,none,none
141,2,0.00608571,0.0127769,0.00554103,0.001,10.0,300.59342708818025,0.0,0.0,none,none
142,2,0.0029872,0.00916906,0.00213399,0.001,1.0,300.83868814404934,0.0,0.0,none,none
143,2,0.00372771,0.0138531,0.00342931,0.001,1.0,300.773458996192,0.0,0.0,none,none
144,2,0.00411023,0.000875164,0.000948129,0.001,1.0,300.9445503828966,0.0004555041163370535,0.0,contact,none
145,2,0.00224951,0.015109,0.0037907,0.001,1.0,300.7506820204011,0.0,0.0,none,none
146,2,0.0018791,0.0104386,0.00415748,0.001,1.0,300.73307352382614,0.0,0.0,none,none
147,2,0.00346296,0.0151969,0.00770206,0.001,1.0,300.4817834943543,0.0,0.0,none,none
148,2,0.00286447,0.0112032,0.00267008,0.001,1.0,300.8133347259605,0.0,0.0,none,none
149,2,0.00213218,0.0132529,0.00405469,0.001,1.0,300.72586323369757,0.0,0.0,none,none
150,2,0.00511542,0.0151873,0.006662,0.001,1.0,300.54993662417723,0.0,0.0,none,none
151,2,0.00127243,0.0105323,0.00595712,0.001,1.0,300.60449081127877,0.0,0.0,none,none
152,2,0.00691907,0.00923618,0.00440752,0.001,1.0,300.68390363674933,0.0,0.0,none,none
153,2,0.00655459,0.00977958,0.00621386,0.001,1.0,300.57697486446364,0.0,0.0,none,none
154,2,0.00653555,0.010541,0.00289201,0.001,1.0,nan,0.0,0.0,none,none
155,2,0.00570021,7.76042e-05,0.0030827,0.001,10.0,300.8330439822728,0.0,0.0,none,none
156,2,0.00297485,0.0119873,0.00661088,0.001,1.0,300.538487262064,0.0,0.0,none,none
157,2,0.00444535,0.0132218,0.00628442,0.001,10.0,300.54346179420264,0.0,0.0,none,none
158,2,0.00442039,0.0146395,0.00192439,0.001,10.0,300.87569170613796,0.0,0.0,none,none
159,2,0.0023473,0.00168708,0.00372602,0.001,1.0,300.7441245338497,0.0,0.0,none,none
160,2,0.00408177,0.0131248,0.000862552,0.001,1.0,300.9414726139408,0.0007414796018772195,0.0,contact,none
161,2,0.00698457,0.0144149,0.00494817,0.001,1.0,300.65323904900737,0.0,0.0,none,none
162,2,0.00332438,0.0120479,0.00474202,0.001,1.0,300.63222924356165,0.0,0.0,none,none
163,2,0.00196209,0.0108308,0.0077125,0.001,1.0,300.49424948853675,0.0,0.0,none,none
164,2,0.00592487,0.00872856,0.00750834,0.001,1.0,300.4662428096188,0.0,0.0,none,none
165,2,0.0026995,0.0139362,0.00645978,0.001,1.0,300.54597523545243,0.0,0.0,none,none
166,2,0.00576999,0.00942623,0.00092599,0.001,1.0,300.94490114175426,0.0005440955798386897,0.0,contact,none
167,2,0.00500334,0.00904777,0.00537484,0.001,1.0,300.6233900164181,0.0,0.0,none,none
168,2,0.00541868,0.0119487,0.00152864,0.001,1.0,300.8927051666749,0.0,0.0,none,none
169,2,0.00440248,0.00784218,0.00675571,0.001,1.0,300.5358373987496,0.0,0.0,none,none
170,2,0.0149371,0.0134765,0.000831748,0.001,10.0,300.9430178640514,0.008203706479390886,0.0,contact,none
171,2,0.00310902,0.00867446,0.00560978,0.001,1.0,300.590676355896,0.0,0.0,none,none
172,2,0.000525141,0.00878184,0.00404723,0.001,1.0,nan,0.0,0.0,none,none
173,2,0.00397185,0.00703135,0.00473897,0.001,1.0,300.67311328849473,0.0,0.0,none,none
174,2,0.00577767,0.0138114,0.000818425,0.001,10.0,300.94176694269464,0.008522323626805075,0.0,contact,none
175,2,0.00465499,0.0103072,0.00224847,0.001,1.0,300.8519422639239,0.0,0.0,none,none
176,2,0.00511956,0.0126352,0.00388728,0.001,1.0,300.72485824459784,0.0,0.0,none,none
177,2,0.00530401,0.00638175,0.00590996,0.001,1.0,300.59675465407616,0.0,0.0,none,none
178,2,0.00382826,0.000623709,0.00317225,0.001,1.0,300.79025873383574,0.0,0.0,none,none
179,2,0.00134796,0.00781193,0.00169731,0.001,1.0,300.8902159618266,0.0,0.0,none,none
180,2,0.00712276,0.0112209,0.0053118,0.001,1.0,300.64042067270907,0.0,0.0,none,none
181,2,0.00173901,0.0115725,0.000996305,0.001,1.0,300.9468099063208,0.00012157302332343236,0.0,contact,none
182,2,0.0023245,0.000299638,0.00199677,0.001,1.0,300.8559899338229,0.0,0.0,none,none
183,2,0.00210799,0.000514871,0.00654096,0.001,1.0,300.5315896195155,0.0,0.0,none,none
184,2,0.00444802,0.00741462,0.00280678,0.001,1.0,300.7958616360743,0.0,0.0,none,none
185,2,0.00525513,0.0107791,0.00445958,0.001,1.0,300.66817901141246,0.0,0.0,none,none
186,2,0.00335473,0.000425609,0.0051186,0.001,1.0,300.64968619345217,0.0,0.0,none,none
187,2,0.00122562,0.00133281,0.000895291,0.001,1.0,300.9477885506501,0.000647175401263058,0.0,contact,none
188,2,0.00159134,0.00962106,0.000904773,0.001,1.0,300.9470598572772,0.0006171774461206438,0.0,contact,none
189,2,0.00344293,0.00620025,0.00644121,0.001,1.0,300.5698331207008,0.0,0.0,none,none
190,2,0.00672128,0.00783746,0.00584935,0.001,1.0,300.6021932237283,0.0,0.0,none,none
191,2,0.00364312,0.0112715,0.000917367,0.001,1.0,300.934411895867,0.0005749191247471249,0.0,contact,none
192,2,0.00423925,0.00817806,0.000981228,0.001,1.0,300.92985674677783,0.0002740218969352633,0.0,contact,none
193,2,4.48756e-05,0.0149418,0.00193624,0.001,1.0,300.86016402699204,0.0,0.0,none,none
194,2,0.00585506,0.00724045,0.0041921,0.001,1.0,300.7003263881646,0.0,0.0,none,none
195,2,0.00365219,0.00984248,0.00381899,0.001,1.0,300.7481536463059,0.0,0.0,none,none
196,2,0.00506675,0.000992623,0.00454736,0.001,10.0,300.7112562891649,0.0,0.0,none,none
197,2,0.0060604,0.0135231,0.0025013,0.001,10.0,300.83501144466805,0.0,0.0,none,none
198,2,0.00666417,0.00843233,0.0023315,0.001,1.0,300.8734867326309,0.0,0.0,none,none
199,2,0.00605981,0.0128694,0.00744439,0.001,10.0,300.4819847602078,0.0,0.0,none,none
200,2,0.00250825,0.0141056,0.00088965,0.001,1.0,300.9342704735971,0.0006643794096749237,0.0,contact,none
201,2,0.00295098,0.0112106,0.0129235,0.001,1.0,300.12866961966506,0.0,0.0,none,none
202,2,0.0048244,0.0112618,0.0119632,0.001,1.0,300.22510223027797,0.0,0.0,none,none
203,2,0.00548211,0.0151516,0.0113389,0.001,1.0,300.2426768594486,0.0,0.0,none,none
204,2,0.00567234,0.0122863,0.00915335,0.001,10.0,300.39691564996184,0.0,0.0,none,none
205,2,0.00331812,0.000266324,0.0137777,0.001,1.0,300.11691485324434,0.0,0.0,none,none
206,2,0.00111172,0.00875979,0.0144934,0.001,1.0,300.04471543641813,0.0,0.0007007581023922642,none,contact
207,2,0.00182772,0.0106391,0.0114077,0.001,1.0,300.2445523206912,0.0,0.0,none,none
208,2,0.00689966,0.00930795,0.00896955,0.001,1.0,300.3732535182785,0.0,0.0,none,none
209,2,0.00203742,0.000697943,0.0119258,0.001,1.0,300.21308636413386,0.0,0.0,none,none
210,2,0.00212754,0.0121799,0.0144033,0.001,10.0,300.0228313995896,0.0,0.0036147187728564744,none,contact
211,2,0.00497702,0.0119273,0.0145016,0.001,1.0,300.0535254517494,0.0,0.0007237830600866578,none,contact
212,2,0.0033064,0.0105209,0.0094709,0.001,1.0,300.3556935113406,0.0,0.0,none,none
213,2,0.00749512,0.0102192,0.0106434,0.001,10.0,300.25583214347773,0.0,0.0,none,none
214,2,0.00667672,0.0138941,0.00918894,0.001,1.0,300.38753671853186,0.0,0.0,none,none
215,2,0.00242464,0.000163893,0.0101693,0.001,1.0,300.32677201509546,0.0,0.0,none,none
216,2,0.00709027,0.00750106,0.00843372,0.001,1.0,300.43625366632267,0.0,0.0,none,none
217,2,0.00016801,0.0112923,0.00846213,0.001,1.0,300.394238267491,0.0,0.0,none,none
218,2,0.00311064,0.00728365,0.0082707,0.001,1.0,300.4185260272516,0.0,0.0,none,none
219,2,0.00469865,0.00775278,0.0118786,0.001,1.0,300.22044253701307,0.0,0.0,none,none
220,2,0.00441766,0.00698774,0.0136062,0.001,1.0,300.1349473293101,0.0,0.0,none,none
221,2,0.00205995,0.010287,0.0142869,0.001,1.0,300.0597435187491,0.0,0.0,none,none
222,2,0.00311038,0.00143628,0.00871652,0.001,10.0,300.4213641780884,0.0,0.0,none,none
223,2,0.00469255,0.0128511,0.0105487,0.001,1.0,300.3155541224427,0.0,0.0,none,none
224,2,0.00384444,0.0140224,0.0117648,0.001,1.0,300.22330949003026,0.0,0.0,none,none
225,2,0.00638811,0.0135524,0.0112028,0.001,1.0,300.2466490227939,0.0,0.0,none,none
226,2,0.00381422,0.0105406,0.00754801,0.001,1.0,300.4873975572341,0.0,0.0,none,none
227,2,0.00171268,0.00847756,0.0120604,0.001,1.0,300.2184631793828,0.0,0.0,none,none
228,2,0.00306325,0.0134397,0.00839677,0.001,1.0,300.4295147801691,0.0,0.0,none,none
229,2,0.00632039,0.00811927,0.0134906,0.001,1.0,300.1389252963194,0.0,0.0,none,none
230,2,0.0013482,0.00774675,0.00879523,0.001,1.0,300.409389269372,0.0,0.0,none,none
231,2,0.0019984,0.00908447,0.010179,0.001,1.0,300.3210467774702,0.0,0.0,none,none
232,2,0.00434647,0.012254,0.00791536,0.001,10.0,300.4677376561339,0.0,0.0,none,none
233,2,0.00323198,0.0118458,0.0111642,0.001,1.0,300.2343974861371,0.0,0.0,none,none
234,2,0.00645264,0.0117209,0.0106886,0.001,10.0,300.2720470095239,0.0,0.0,none,none
235,2,0.00397203,0.0103312,0.0143661,0.001,1.0,300.0728707752159,0.0,0.0,none,none
236,2,0.00498491,0.00941463,0.0127855,0.001,1.0,300.18487889070946,0.0,0.0,none,none
237,2,0.00530378,0.0141661,0.0128656,0.001,1.0,300.1498251342579,0.0,0.0,none,none
238,2,0.00228793,0.0143858,0.0127367,0.001,1.0,300.1533525553607,0.0,0.0,none,none
239,2,0.00328473,0.0085585,0.013212,0.001,1.0,300.14985238917063,0.0,0.0,none,none
240,2,0.00523954,0.000677534,0.0134468,0.001,1.0,300.142861884779,0.0,0.0,none,none
241,2,0.00714634,0.0151888,0.0104643,0.001,1.0,300.3166559295682,0.0,0.0,none,none
242,2,0.00280408,0.00910984,0.0081229,0.001,1.0,300.4564091366008,0.0,0.0,none,none
243,2,0.00646498,0.010388,0.0121456,0.001,10.0,300.2201530109155,0.0,0.0,none,none
244,2,0.00492193,0.0140962,0.00837211,0.001,1.0,300.4359681660143,0.0,0.0,none,none
245,2,0.00273796,0.0139536,0.0144902,0.001,1.0,300.0474056857337,0.0,0.0006915648328742576,none,contact
246,2,0.00384501,0.0143877,0.00994073,0.001,1.0,300.3368832308265,0.0,0.0,none,none
247,2,0.000964634,0.00954925,0.00859036,0.001,1.0,300.4081280818175,0.0,0.0,none,none
248,2,0.00461833,0.0144913,0.0145233,0.001,1.0,300.0597180266289,0.0,0.0007814486023203346,none,contact
249,2,0.00411137,0.0126906,0.013055,0.001,1.0,300.15045639729664,0.0,0.0,none,none
250,2,0.00223161,0.0134397,0.0110687,0.001,1.0,300.251885574344,0.0,0.0,none,none
251,2,0.00169377,0.0116267,0.00967871,0.001,1.0,300.3412263727174,0.0,0.0,none,none
252,2,0.000823635,0.0122402,0.0117675,0.001,1.0,300.22909206473696,0.0,0.0,none,none
253,2,0.00476127,0.00861434,0.014508,0.001,1.0,300.0767184667836,0.0,0.0007412569851734331,none,contact
254,2,0.00384724,0.00848007,0.0103051,0.001,1.0,300.2949151514098,0.0,0.0,none,none
255,2,0.00452694,0.00844688,0.00858962,0.001,1.0,300.4235639618196,0.0,0.0,none,none
256,2,0.0056202,0.0105558,0.00816,0.001,1.0,300.42296312154775,0.0,0.0,none,none
257,2,0.00155741,0.0135747,0.00940106,0.001,1.0,300.360353231923,0.0,0.0,none,none
258,2,0.00614671,0.0133954,0.0143624,0.001,1.0,300.0717501634407,0.0,0.0,none,none
259,2,0.00393807,0.000611289,0.0119421,0.001,10.0,300.21351053273287,0.0,0.0,none,none
260,2,0.00349769,0.00980044,0.0116479,0.001,1.0,300.2258705969555,0.0,0.0,none,none
261,2,0.000548399,0.00108297,0.00389784,0.001,1.0,300.7225777106857,0.0,0.0,none,none
262,2,0.00946043,0.0048416,0.0067642,0.001,1.0,300.5375443341286,0.0,0.0,none,none
263,2,0.00899496,0.0051403,0.00459255,0.001,1.0,300.68148640315576,0.0,0.0,none,none
264,2,0.0125247,5.49085e-06,0.00148338,0.001,1.0,300.87836985886315,0.0,0.0,none,none
265,2,0.0122929,0.00281879,0.00402692,0.001,1.0,300.73146970397164,0.0,0.0,none,none
266,2,0.0151608,0.00191201,0.00635102,0.001,1.0,300.5515548108311,0.0,0.0,none,none
267,2,0.0122582,0.00502918,0.00672192,0.001,1.0,300.5667300815643,0.0,0.0,none,none
268,2,0.0110614,0.00457309,0.0053416,0.001,1.0,300.6441026110059,0.0,0.0,none,none
269,2,0.0077191,0.00351014,0.00557748,0.001,1.0,300.62353525513856,0.0,0.0,none,none
270,2,0.00905314,0.00146862,0.00281189,0.001,1.0,300.824381569856,0.0,0.0,none,none
271,2,0.00957421,0.00532821,0.000903712,0.001,1.0,300.9450250028331,0.0006206061553030232,0.0,contact,none
272,2,0.00960191,0.0033701,0.00513905,0.001,1.0,300.6640995256746,0.0,0.0,none,none
273,2,0.0107523,0.00622953,0.00673989,0.001,1.0,300.5269872423717,0.0,0.0,none,none
274,2,0.000377213,0.00610556,0.00297322,0.001,1.0,300.82063623649526,0.0,0.0,none,none
275,2,0.00928843,0.00377996,0.00252641,0.001,1.0,300.856097560723,0.0,0.0,none,none
276,2,0.00928833,0.00569472,0.00272336,0.001,1.0,300.80831141997226,0.0,0.0,none,none
277,2,0.0112535,0.000871386,0.00292963,0.001,1.0,300.77396993054504,0.0,0.0,none,none
278,2,0.0151627,0.00701699,0.00668121,0.001,1.0,300.524887305713,0.0,0.0,none,none
279,2,0.0138078,0.00130177,0.000879963,0.001,1.0,300.93470739684125,0.0006929271245953647,0.0,contact,none
280,2,0.0110067,0.00656694,0.00091785,0.001,1.0,300.93649774797115,0.0005732364259186606,0.0,contact,none
281,2,0.0107648,0.00478944,0.00346979,0.001,1.0,300.7633271650264,0.0,0.0,none,none
282,2,0.00694762,0.0058941,0.00511462,0.001,1.0,300.6440295810877,0.0,0.0,none,none
283,2,0.0075611,0.00468358,0.00703912,0.001,1.0,300.52927040711086,0.0,0.0,none,none
284,2,0.0141708,0.00334606,0.00715627,0.001,1.0,300.513860698357,0.0,0.0,none,none
285,2,0.0136121,0.00321666,0.00533547,0.001,1.0,300.63013905224943,0.0,0.0,none,none
286,2,0.0139667,0.00549135,0.00270771,0.001,1.0,300.8253368810533,0.0,0.0,none,none
287,2,0.0113738,0.00260039,0.00558774,0.001,1.0,300.60618266289976,0.0,0.0,none,none
288,2,0.0153517,0.00318868,0.00231321,0.001,1.0,300.8561680609641,0.0,0.0,none,none
289,2,0.0150963,0.00446206,0.00463744,0.001,1.0,300.67535102659036,0.0,0.0,none,none
290,2,0.000765868,0.00391224,0.00616403,0.001,1.0,300.5933125147983,0.0,0.0,none,none
291,2,0.0120416,0.00270175,0.000854256,0.001,10.0,300.98267566818436,0.007635286504120198,0.0,contact,none
292,2,0.00933357,0.00145381,0.00488897,0.001,1.0,300.66013971432517,0.0,0.0,none,none
293,2,0.0140816,0.00490977,0.00614503,0.001,1.0,300.5921485938993,0.0,0.0,none,none
294,2,0.0150977,0.00676716,0.00128897,0.001,1.0,300.89164249318196,0.0,0.0,none,none
295,2,0.0137017,0.0149528,0.00453234,0.001,1.0,300.67826631580937,0.0,0.0,none,none
296,2,0.0083678,0.000857822,0.00107273,0.001,1.0,300.92176771684314,0.0,0.0,none,none
297,2,0.00897248,0.00298347,0.00694755,0.001,1.0,300.55504734602164,0.0,0.0,none,none
298,2,0.0138795,0.00372766,0.00344299,0.001,1.0,300.7702277507444,0.0,0.0,none,none
299,2,0.0111716,0.0044529,0.00866155,0.001,1.0,300.40575967785253,0.0,0.0,none,none
300,2,0.00111397,0.00434177,0.0033338,0.001,1.0,300.7719270581911,0.0,0.0,none,none
301,2,0.0140837,0.00318496,0.000865533,0.001,1.0,300.94838731745557,0.0007333948459049872,0.0,contact,none
302,2,0.0149857,0.00131859,0.00231257,0.001,1.0,300.8429900727074,0.0,0.0,none,none
303,2,0.0131562,0.00733283,0.00087517,0.001,1.0,300.9408707275194,0.0007066257849809899,0.0,contact,none
304,2,0.0121435,0.00610867,0.00297098,0.001,1.0,300.8054487644549,0.0,0.0,none,none
305,2,0.0142487,0.00152212,0.00469534,0.001,1.0,300.66390745011637,0.0,0.0,none,none
306,2,0.0118938,0.00651189,0.00823478,0.001,1.0,300.4374015427404,0.0,0.0,none,none
307,2,0.00105294,0.00285164,0.0045668,0.001,1.0,300.68909560017215,0.0,0.0,none,none
308,2,0.0104459,0.00252384,0.00360299,0.001,1.0,300.7639339587745,0.0,0.0,none,none
309,2,0.0132316,0.00241463,0.00231263,0.001,1.0,300.8785228750886,0.0,0.0,none,none
310,2,0.0130675,0.000852748,0.00332624,0.001,1.0,300.74195770165267,0.0,0.0,none,none
311,2,0.0135949,0.00616739,0.00746916,0.001,1.0,300.4908708586953,0.0,0.0,none,none
312,2,0.0103425,0.00356832,0.000950368,0.001,1.0,300.95931573168565,0.00044556481010061817,0.0,contact,none
313,2,0.0116922,0.0035389,0.00243865,0.001,1.0,300.87012904260547,0.0,0.0,none,none
314,2,0.0076989,0.00249733,0.00196093,0.001,1.0,300.8731309202761,0.0,0.0,none,none
315,2,0.0128514,0.00497609,0.00459209,0.001,1.0,300.66711516776036,0.0,0.0,none,none
316,2,0.00822397,0.00396195,0.000902438,0.001,1.0,300.93878383348647,0.000624698327194815,0.0,contact,none
317,2,0.007401,0.00527948,0.00279735,0.001,1.0,300.80727887806233,0.0,0.0,none,none
318,2,0.0147414,0.00494391,0.000933168,0.001,1.0,300.9585600016107,0.000517037716225809,0.0,contact,none
319,2,0.0108126,0.00359323,0.00701068,0.001,1.0,300.5331999715253,0.0,0.0,none,none
320,2,0.0082418,0.00292195,0.00383004,0.001,1.0,300.75059269628906,0.0,0.0,none,none
321,2,0.0152043,0.00627832,0.0115894,0.001,1.0,300.22201015117315,0.0,0.0,none,none
322,2,0.00882078,0.0013396,0.00861891,0.001,1.0,300.4095773899934,0.0,0.0,none,none
323,2,0.0148449,0.00816561,0.0107141,0.001,1.0,300.29028178596263,0.0,0.0,none,none
324,2,0.00830048,0.00315535,0.00948273,0.001,1.0,300.3941268985533,0.0,0.0,none,none
325,2,0.0146388,0.00374902,0.0124985,0.001,1.0,300.136400654685,0.0,0.0,none,none
326,2,0.0104539,0.000325942,0.00945686,0.001,1.0,300.36119344416835,0.0,0.0,none,none
327,2,0.000238218,0.000490563,0.0128011,0.001,1.0,300.15063230965956,0.0,0.0,none,none
328,2,0.00997621,0.00291257,0.00861685,0.001,1.0,300.4512925894566,0.0,0.0,none,none
329,2,0.000657196,0.00109363,0.0145429,0.001,1.0,300.0640631214217,0.0,0.0008300975352742573,none,contact
330,2,0.00117083,0.00728034,0.010666,0.001,1.0,300.28237067834567,0.0,0.0,none,none
331,2,0.0129987,0.00604738,0.0129174,0.001,1.0,300.1371167220736,0.0,0.0,none,none
332,2,0.0130355,0.00326474,0.0132658,0.001,10.0,300.0684327231396,0.0,0.0,none,none
333,2,0.0117596,0.00309814,0.0145676,0.001,10.0,300.0238419358209,0.0,0.008876158617715249,none,contact
334,2,0.000386063,0.00376124,0.0080336,0.001,1.0,300.43728623880656,0.0,0.0,none,none
335,2,0.0133839,0.0029176,0.0113978,0.001,10.0,300.1278661499431,0.0,0.0,none,none
336,2,0.012683,0.00370005,0.00987335,0.001,1.0,300.2985784523072,0.0,0.0,none,none
337,2,0.0111047,0.00322874,0.0128464,0.001,1.0,300.09453326943253,0.0,0.0,none,none
338,2,0.0115028,0.00176021,0.00856987,0.001,1.0,300.42712145169014,0.0,0.0,none,none
339,2,0.0109579,0.00422171,0.0105768,0.001,1.0,300.2853837036175,0.0,0.0,none,none
340,2,0.0153218,0.00552158,0.00779171,0.001,1.0,300.47159129023237,0.0,0.0,none,none
341,2,0.0148011,0.00217653,0.013565,0.001,1.0,300.08753857146996,0.0,0.0,none,none
342,2,0.0131028,0.00145473,0.0126457,0.001,10.0,300.08169313154275,0.0,0.0,none,none
343,2,0.0132129,0.00176661,0.0145042,0.001,10.0,300.0304955677911,0.0,0.00730932225359096,none,contact
344,2,0.0123842,0.00446837,0.0118567,0.001,1.0,300.1398023114204,0.0,0.0,none,none
345,2,0.0143428,0.0046883,0.0108008,0.001,1.0,300.24630065510746,0.0,0.0,none,none
346,2,0.00828984,0.00703131,0.00991494,0.001,1.0,300.3397662133373,0.0,0.0,none,none
347,2,0.00973075,0.00319856,0.0115965,0.001,1.0,300.2187851635278,0.0,0.0,none,none
348,2,0.000659361,0.00136292,0.0100288,0.001,1.0,300.31088465048833,0.0,0.0,none,none
349,2,0.0147573,0.00538275,0.0133675,0.001,1.0,300.1204920946376,0.0,0.0,none,none
350,2,0.0118693,0.00478461,0.0136612,0.001,1.0,300.0808371393738,0.0,0.0,none,none
351,2,0.00743169,0.00176539,0.014449,0.001,1.0,300.06488314349065,0.0,0.0005598766989868457,none,contact
352,2,0.0090499,0.00459055,0.010432,0.001,1.0,300.29264655826603,0.0,0.0,none,none
353,2,0.0137655,0.00481088,0.00877984,0.001,1.0,300.3885837856213,0.0,0.0,none,none
354,2,0.00960321,0.00181809,0.0103479,0.001,1.0,300.30274685498324,0.0,0.0,none,none
355,2,0.00946024,0.00620843,0.0112433,0.001,1.0,300.2424394249343,0.0,0.0,none,none
356,2,0.0105107,0.000720346,0.0117155,0.001,1.0,300.2078287474061,0.0,0.0,none,none
357,2,0.0124801,0.00725132,0.0099063,0.001,1.0,300.33176667576305,0.0,0.0,none,none
358,2,0.0103391,0.00488998,0.0124083,0.001,1.0,300.1653018913454,0.0,0.0,none,none
359,2,0.00990609,0.00687804,0.01301,0.001,1.0,300.13781907521815,0.0,0.0,none,none
360,2,0.00207001,0.00574656,0.0114178,0.001,1.0,300.25226354907994,0.0,0.0,none,none
361,2,0.0122759,0.0054662,0.00987122,0.001,1.0,300.33162016603694,0.0,0.0,none,none
362,2,0.000686784,0.00198909,0.00815714,0.001,1.0,300.41967111729065,0.0,0.0,none,none
363,2,0.00867261,0.00619078,0.0144088,0.001,1.0,300.0573022964593,0.0,0.0003907197436378208,none,contact
364,2,0.0134066,0.00629914,0.0111578,0.001,1.0,300.24429843752137,0.0,0.0,none,none
365,2,0.0140254,0.000188289,0.0137962,0.001,1.0,300.0812784779044,0.0,0.0,none,none
366,2,0.0115138,0.00619653,0.0116648,0.001,1.0,300.1901930709951,0.0,0.0,none,none
367,2,0.0003715,0.00563588,0.0098039,0.001,1.0,300.278869124729,0.0,0.0,none,none
368,2,0.00883177,0.00539094,0.00851889,0.001,1.0,300.4481358166912,0.0,0.0,none,none
369,2,0.00855655,0.00375569,0.0143676,0.001,1.0,nan,0.0,0.0,none,none
370,2,0.0106108,0.00593469,0.0144755,0.001,1.0,300.048015050841,0.0,0.0006476587975689066,none,contact
371,2,0.000435341,0.00315467,0.0111385,0.001,1.0,300.2330416629736,0.0,0.0,none,none
372,2,0.0135555,0.00458318,0.0145284,0.001,1.0,300.0462492127848,0.0,0.000794394057170878,none,contact
373,2,0.014678,0.00147746,0.0114418,0.001,1.0,300.1747383930322,0.0,0.0,none,none
374,2,0.00778333,0.00316772,0.0114166,0.001,1.0,300.24367456387273,0.0,0.0,none,none
375,2,0.00829656,0.00728812,0.0122228,0.001,1.0,300.1819802713472,0.0,0.0,none,none
376,2,0.0125129,0.0032891,0.00805,0.001,10.0,300.43313954301664,0.0,0.0,none,none
377,2,0.011491,0.00225467,0.010561,0.001,1.0,300.2942209672668,0.0,0.0,none,none
378,2,0.0148174,0.00331675,0.00957953,0.001,1.0,300.30712519785516,0.0,0.0,none,none
379,2,0.0103916,0.00584209,0.00964457,0.001,1.0,300.35182774032256,0.0,0.0,none,none
380,2,0.000782605,0.004729,0.012171,0.001,1.0,300.19081027968707,0.0,0.0,none,none
381,2,0.00735197,0.00279899,0.00788263,0.001,1.0,300.50043903838844,0.0,0.0,none,none
382,2,0.00825582,0.0105605,0.00394566,0.001,1.0,300.71600402839056,0.0,0.0,none,none
383,2,0.0101431,0.0127092,0.000800742,0.001,1.0,300.9230418418377,0.0008927664868262025,0.0,contact,none
384,2,0.0136985,0.011205,0.00300752,0.001,1.0,300.80169118077504,0.0,0.0,none,none
385,2,0.00909827,0.0107271,0.0022615,0.001,1.0,300.84214703400795,0.0,0.0,none,none
386,2,0.00692381,0.0145761,0.00688904,0.001,1.0,300.53230530154406,0.0,0.0,none,none
387,2,0.0115557,0.013727,0.00528046,0.001,1.0,300.6383963781302,0.0,0.0,none,none
388,2,0.00887622,0.0143181,0.000931416,0.001,1.0,300.92124252351783,0.0005237709423020717,0.0,contact,none
389,2,0.00969123,0.00745865,0.00209316,0.001,1.0,300.8396121736807,0.0,0.0,none,none
390,2,0.00888796,0.00896215,0.00303493,0.001,1.0,300.78489802291904,0.0,0.0,none,none
391,2,0.0126075,0.0104874,0.00529546,0.001,1.0,300.6631744532198,0.0,0.0,none,none
392,2,0.0101503,0.0100872,0.00404578,0.001,1.0,300.7356728277931,0.0,0.0,none,none
393,2,0.0139469,0.00867778,0.0047584,0.001,1.0,300.68859461557525,0.0,0.0,none,none
394,2,0.0148665,0.0115372,0.00671125,0.001,1.0,300.5454119013175,0.0,0.0,none,none
395,2,0.0108352,0.0145302,0.000991026,0.001,1.0,300.93606753971494,0.0001894623973246398,0.0,contact,none
396,2,0.0101744,0.0144328,0.00653684,0.001,1.0,300.5417941225029,0.0,0.0,none,none
397,2,0.0133082,0.01258,0.00691551,0.001,10.0,300.5414916350359,0.0,0.0,none,none
398,2,0.0104063,0.00910804,0.00135654,0.001,1.0,300.8658526015035,0.0,0.0,none,none
399,2,0.0116506,0.0078225,0.0020951,0.001,1.0,300.8457259573784,0.0,0.0,none,none
400,2,0.00868971,0.00887219,0.00488879,0.001,1.0,300.67894740614673,0.0,0.0,none,none
401,3,0.0116331,0.000536014,0.00499873,0.00125,1.0,300.63775891295364,0.0,0.0,none,none
402,3,0.01107,0.0110992,0.00169783,0.00125,1.0,300.8539212403422,0.0,0.0,none,none
403,3,0.0108182,0.0066544,0.00457727,0.00125,1.0,300.68022082693244,0.0,0.0,none,none
404,3,0.0148271,0.0106248,0.00479047,0.00125,1.0,300.67716225787706,0.0,0.0,none,none
405,3,0.00721792,0.00109848,0.00425242,0.00125,1.0,300.7340082564092,0.0,0.0,none,none
406,3,0.00868181,0.00672036,0.00609242,0.00125,1.0,300.6066986155172,0.0,0.0,none,none
407,3,0.0102641,0.00122605,0.00689336,0.00125,1.0,300.564512197938,0.0,0.0,none,none
408,3,0.0104371,0.00134728,0.00109536,0.00125,1.0,300.93999097364247,0.0008793179174792242,0.0,contact,none
409,3,0.0119542,0.00882991,0.00392122,0.00125,1.0,300.7460979929455,0.0,0.0,none,none
410,3,0.0078885,0.00115519,0.00652779,0.00125,1.0,300.58168381416823,0.0,0.0,none,none
411,3,0.0149448,0.0112878,0.00116843,0.00125,1.0,300.9239077384245,0.000638631349058281,0.0,contact,none
412,3,0.00975525,0.0150236,0.00373614,0.00125,1.0,300.74938201893247,0.0,0.0,none,none
413,3,0.0129972,0.0146506,0.00650595,0.00125,1.0,300.55439511718504,0.0,0.0,none,none
414,3,0.0111639,0.0118793,0.00631586,0.00125,1.0,300.5802509134941,0.0,0.0,none,none
415,3,0.0079663,0.0126963,0.00664107,0.00125,1.0,300.5527611473642,0.0,0.0,none,none
416,3,0.00811194,0.00711213,0.00378661,0.00125,1.0,300.7188693037072,0.0,0.0,none,none
417,3,0.00627456,0.000523119,0.00108581,0.00125,10.0,300.9475572163148,0.009060629117230216,0.0,contact,none
418,3,0.0137793,0.00766218,0.00285174,0.00125,1.0,300.8051994067502,0.0,0.0,none,none
419,3,0.00753351,0.0117752,0.00121546,0.00125,1.0,300.92980451608975,0.000415571895103603,0.0,contact,none
420,3,0.012523,0.0050378,0.00113546,0.00125,1.0,300.92720857819086,0.0007567694497005016,0.0,contact,none
421,3,0.0127776,0.00786595,0.00641356,0.00125,1.0,300.53598872699115,0.0,0.0,none,none
422,3,0.0119305,0.014158,0.00320543,0.00125,1.0,300.76708356250174,0.0,0.0,none,none
423,3,0.00769132,0.0148031,0.00268428,0.00125,1.0,300.83455874082637,0.0,0.0,none,none
424,3,0.0149507,0.00889781,0.00113505,0.00125,1.0,300.920932935996,0.000758122681364962,0.0,contact,none
425,3,0.00909159,0.0106684,0.00598173,0.00125,1.0,300.5897202576452,0.0,0.0,none,none
426,3,0.00957139,0.0130018,0.00498252,0.00125,1.0,300.65081536325727,0.0,0.0,none,none
427,3,0.0128412,0.00961052,0.00175484,0.00125,1.0,300.8446162243732,0.0,0.0,none,none
428,3,0.00929503,0.0129788,0.00260713,0.00125,1.0,300.7896571139472,0.0,0.0,none,none
429,3,0.0128574,0.0124137,0.00106458,0.00125,1.0,300.91182049387237,0.0009628603221651621,0.0,contact,none
430,3,0.00731839,0.0125537,0.0037968,0.00125,10.0,300.726865239268,0.0,0.0,none,none
431,3,0.0114409,0.0118472,0.00393012,0.00125,1.0,300.710413759273,0.0,0.0,none,none
432,3,0.0135289,0.0127815,0.00488477,0.00125,10.0,300.67661138000153,0.0,0.0,none,none
433,3,0.012889,0.00163571,0.00672226,0.00125,1.0,300.5284377923776,0.0,0.0,none,none
434,3,0.0144647,0.00654281,0.00477441,0.00125,1.0,300.6585897278973,0.0,0.0,none,none
435,3,0.000666986,0.0119486,0.00316235,0.00125,1.0,300.7897801558537,0.0,0.0,none,none
436,3,0.000306725,0.0143036,0.00420613,0.00125,1.0,300.73973438151586,0.0,0.0,none,none
437,3,0.00826281,0.00911777,0.00107144,0.00125,1.0,300.9165157154386,0.0009448809448814177,0.0,contact,none
438,3,0.0141116,0.0133757,0.00272953,0.00125,10.0,300.80682580453714,0.0,0.0,none,none
439,3,0.00110378,0.0126618,0.00579861,0.00125,1.0,300.6048627464409,0.0,0.0,none,none
440,3,0.00753281,0.00674216,0.00119193,0.00125,1.0,300.9206604221724,0.0005388413495640444,0.0,contact,none
441,3,0.0105651,0.00867453,0.00580362,0.00125,1.0,300.6129848412495,0.0,0.0,none,none
442,3,0.00976583,0.00736625,0.00826983,0.00125,1.0,300.4270331299003,0.0,0.0,none,none
443,3,0.00819323,0.0132201,0.0143049,0.00125,10.0,300.05233331624424,0.0,0.009598580090750423,none,contact
444,3,0.0134194,0.0100432,0.0140288,0.00125,1.0,300.0762400936804,0.0,0.0,none,none
445,3,0.00875053,0.00160659,0.0127024,0.00125,1.0,300.15048369954667,0.0,0.0,none,none
446,3,0.0134521,0.00841451,0.0122717,0.00125,1.0,300.15843272616604,0.0,0.0,none,none
447,3,0.00898189,0.00938943,0.0120256,0.00125,1.0,300.18880258740484,0.0,0.0,none,none
448,3,0.00649177,0.0103061,0.014246,0.00125,1.0,300.0879747420202,0.0,0.0007917243191828207,none,contact
449,3,0.00821784,0.00881385,0.00715772,0.00125,1.0,300.52342420615105,0.0,0.0,none,none
450,3,0.00864394,0.0145659,0.00822989,0.00125,1.0,300.44546269727374,0.0,0.0,none,none
451,3,0.010886,0.0101649,0.0100633,0.00125,1.0,300.28760375607646,0.0,0.0,none,none
452,3,9.23684e-05,0.0112713,0.0142854,0.00125,1.0,300.05787849643065,0.0,0.0009076493803146135,none,contact
453,3,0.00962136,0.011859,0.00813095,0.00125,1.0,300.4407812716479,0.0,0.0,none,none
454,3,0.006704,0.00834729,0.0113491,0.00125,1.0,300.23880936872445,0.0,0.0,none,none
455,3,0.0109854,0.0139244,0.0121297,0.00125,1.0,300.18679601163814,0.0,0.0,none,none
456,3,0.012368,0.00877975,0.00862619,0.00125,1.0,300.4023569100368,0.0,0.0,none,none
457,3,0.0111692,0.0012831,0.0138857,0.00125,1.0,300.05079328519406,0.0,0.0,none,none
458,3,0.0125308,9.84514e-05,0.0111088,0.00125,1.0,300.19870088161053,0.0,0.0,none,none
459,3,0.0106251,0.00789361,0.0106994,0.00125,1.0,300.25165317362166,0.0,0.0,none,none
460,3,0.0151364,0.0127678,0.00995075,0.00125,1.0,300.3502674001868,0.0,0.0,none,none
461,3,0.0095858,0.0149816,0.0137191,0.00125,1.0,300.09493888824977,0.0,0.0,none,none
462,3,0.00750121,0.011365,0.00876615,0.00125,1.0,300.3606311482183,0.0,0.0,none,none
463,3,0.00914214,0.0117354,0.0105408,0.00125,1.0,300.27438188743054,0.0,0.0,none,none
464,3,0.00890636,0.0141742,0.0110331,0.00125,1.0,300.2308383693204,0.0,0.0,none,none
465,3,0.0110796,0.0104953,0.0143495,0.00125,10.0,300.04943626003137,0.0,0.010697323953145937,none,contact
466,3,0.0134253,0.00174752,0.00964013,0.00125,1.0,300.2847186980834,0.0,0.0,none,none
467,3,0.00839458,0.00837744,0.0141708,0.00125,1.0,300.0771603594787,0.0,0.0005008267141292534,none,contact
468,3,0.000528769,0.0134774,0.013563,0.00125,1.0,300.11358530946467,0.0,0.0,none,none
469,3,0.00879381,0.0108573,0.0139498,0.00125,1.0,300.1032573153843,0.0,0.0,none,none
470,3,0.000508171,0.0147401,0.0110272,0.00125,1.0,300.25352853776394,0.0,0.0,none,none
471,3,0.00670507,0.000658951,0.00854846,0.00125,1.0,300.4414822381568,0.0,0.0,none,none
472,3,0.0131131,0.0129386,0.00895162,0.00125,10.0,300.4064334945034,0.0,0.0,none,none
473,3,0.0124687,0.0152476,0.00873081,0.00125,1.0,300.3882619082758,0.0,0.0,none,none
474,3,0.000102384,0.00965062,0.012644,0.00125,1.0,300.16709218519577,0.0,0.0,none,none
475,3,0.0133789,0.0124557,0.0142141,0.00125,1.0,300.05652306594163,0.0,0.0006836134855205116,none,contact
476,3,0.00135744,0.0153596,0.00840772,0.00125,1.0,300.4165798355578,0.0,0.0,none,none
477,3,0.0103414,0.00967531,0.00783284,0.00125,1.0,300.4494369442446,0.0,0.0,none,none
478,3,0.012726,0.0075413,0.014314,0.00125,1.0,300.06893237820134,0.0,0.0009832738161801638,none,contact
479,3,0.0145454,0.0076373,0.00868762,0.00125,1.0,300.43238469555706,0.0,0.0,none,none
480,3,0.00177615,0.00528751,0.0140528,0.00125,1.0,300.1176409429825,0.0,0.0,none,none
481,3,0.0108792,0.0136831,0.00846012,0.00125,1.0,300.4041701296923,0.0,0.0,none,none
482,3,0.0131797,0.0100118,0.0104969,0.00125,1.0,300.24404874721625,0.0,0.0,none,none
483,3,0.0138824,0.0139419,0.0123004,0.00125,1.0,300.1422200539945,0.0,0.0,none,none
484,3,0.00765098,0.012218,0.0123166,0.00125,10.0,300.17405830930386,0.0,0.0,none,none
485,3,0.0145701,0.00054902,0.0079303,0.00125,1.0,300.45080685209325,0.0,0.0,none,none
486,3,0.00127338,0.0085069,0.00670354,0.00125,1.0,300.50957708149616,0.0,0.0,none,none
487,3,0.0121959,0.0145292,0.0141663,0.00125,1.0,300.0579717703401,0.0,0.00047783616186460775,none,contact
488,3,0.0105769,0.0128057,0.0141895,0.00125,1.0,300.0588623655271,0.0,0.0005867941696928358,none,contact
489,3,0.00732694,0.0149755,0.0127582,0.00125,1.0,300.13859602374447,0.0,0.0,none,none
490,3,0.0141477,0.0115687,0.0120817,0.00125,1.0,300.16861742310283,0.0,0.0,none,none
491,3,0.012638,0.0108701,0.00780219,0.00125,1.0,300.48778190118213,0.0,0.0,none,none
492,3,0.0153456,0.00737856,0.0134381,0.00125,1.0,300.1265958279206,0.0,0.0,none,none
493,3,0.0114781,0.0124298,0.0104178,0.00125,10.0,300.3030201591458,0.0,0.0,none,none
494,3,0.0144772,0.00946496,0.00711557,0.00125,1.0,300.5014295914561,0.0,0.0,none,none
495,3,0.00530814,0.00998231,0.0102567,0.00125,1.0,300.29724262144254,0.0,0.0,none,none
496,3,0.00887213,0.00909691,0.00963201,0.00125,1.0,300.31346099252244,0.0,0.0,none,none
497,3,0.0117675,0.0108743,0.0121862,0.00125,10.0,300.17416823131254,0.0,0.0,none,none
498,3,0.0150618,0.0137019,0.00737186,0.00125,1.0,300.53599954502454,0.0,0.0,none,none
499,3,0.0111174,0.00860364,0.01293,0.00125,1.0,300.13011139994023,0.0,0.0,none,none
500,3,7.11348e-05,0.0102409,0.0103326,0.00125,1.0,300.2920359737837,0.0,0.0,none,none
