atom_id,atom_type,x_m,y_m,z_m,radius_m,high_conductivity,temperature_K,contact_degree,absolute_heat_throughput_W,hot_wall_link,cold_wall_link,on_minimum_resistance_path
1,1,0.0151327,0.00115563,0.0017419,0.00075,1,300.9087722021727,4,0.00020584321930798897,0,0,0
2,1,0.0143213,0.013037,0.0102118,0.00075,0,300.39918834410673,5,3.679316156250617e-05,0,0,0
3,1,0.00944696,0.00479737,0.00514464,0.00075,0,300.6411365092738,4,1.4885144101616853e-05,0,0,0
4,1,0.0109111,0.00425955,0.000707616,0.00075,0,300.9689620546368,1,1.1067628222277499e-05,1,0,0
5,1,0.00670849,0.000866951,0.0051779,0.00075,0,300.6715095068003,4,2.1498694030883158e-05,0,0,0
6,1,0.0148072,0.0143992,0.00983163,0.00075,1,300.4732001692116,5,0.00016333823349085646,0,0,0
7,1,0.0010147,0.000831218,0.00941065,0.00075,1,300.4252459010969,6,0.0005081033120470827,0,0,0
8,1,0.00451682,0.000645025,0.0146578,0.00075,0,300.0429167631064,3,1.4330371743005617e-05,0,1,0
9,1,0.0147206,0.0139046,0.0127193,0.00075,0,300.19137100394636,3,6.215140492430487e-06,0,0,0
10,1,0.00355315,0.0144407,0.00649175,0.00075,0,300.5810281460195,4,3.7024463825528444e-05,0,0,0
11,1,0.00900278,0.0131608,0.00991587,0.00075,0,300.3499886964028,3,7.789271564902504e-06,0,0,0
12,1,0.00433361,0.00239023,0.0146814,0.00075,0,300.03863269631546,3,1.6494688267330053e-05,0,1,0
13,1,0.0106765,0.0141214,0.00590043,0.00075,0,300.61392602757684,3,1.2581469985944003e-05,0,0,0
14,1,0.00881584,0.0110499,0.00511223,0.00075,0,300.66491290634167,4,4.6041125012339675e-05,0,0,0
15,1,0.00440735,0.00171469,0.00676586,0.00075,0,300.5820197577295,6,5.353484945164376e-05,0,0,0
16,1,0.00732712,0.00481976,0.00574086,0.00075,0,300.6201570193516,4,3.7079215759872556e-05,0,0,0
17,1,0.0129534,0.00863682,0.0112829,0.00075,0,300.2812410542811,6,5.6963588764788743e-05,0,0,0
18,1,0.014561,0.00517853,0.00553652,0.00075,0,300.66147857281675,4,3.3696388358862624e-05,0,0,0
19,1,0.00489308,0.00282388,0.00927113,0.00075,0,300.4022075983455,4,6.934082991724834e-05,0,0,0
20,1,0.00520413,0.0128654,0.00795112,0.00075,0,300.4856859682397,5,4.818626116900314e-05,0,0,0
21,1,0.0131483,0.0128473,0.00355844,0.00075,0,300.7591319584769,6,3.551016266469392e-05,0,0,0
22,1,0.0101335,0.00352324,0.00755119,0.00075,0,300.53759480703866,3,1.0782049165804917e-05,0,0,0
23,1,0.00344209,0.0149641,0.00780268,0.00075,0,300.51855433113803,6,5.987639282840189e-05,0,0,0
24,1,0.0065052,0.0126342,0.00859981,0.00075,0,300.4476352622932,5,6.039360759810909e-05,0,0,0
25,1,0.0151499,0.0117645,0.0146206,0.00075,0,300.15151242570795,1,0.0,0,0,0
26,1,0.00331565,0.0101723,0.00853776,0.00075,0,300.4388519685126,5,1.5471942277021416e-05,0,0,0
27,1,0.00614201,0.00943366,0.0120799,0.00075,0,300.219650765177,4,5.509041734272484e-05,0,0,0
28,1,0.00809682,0.0118118,0.00060256,0.00075,0,300.95058321633235,3,3.408100415913151e-05,1,0,0
29,1,0.00901365,0.00584643,0.0138838,0.00075,0,300.0923556557782,3,2.9562776422327133e-05,0,0,0
30,1,0.00360533,0.00803064,0.00957249,0.00075,0,300.33242253486685,5,3.771208396120883e-05,0,0,0
31,1,0.00154186,0.012482,0.00257877,0.00075,0,300.7963066559633,1,5.503840364735051e-21,0,0,0
32,1,0.00803572,0.00260863,0.00192811,0.00075,0,300.8681369605069,4,5.621897279681375e-05,0,0,0
33,1,0.0117285,0.0120384,0.00640567,0.00075,0,300.5761830052023,4,2.7542902156300797e-05,0,0,0
34,1,0.00589282,0.0104346,0.00926257,0.00075,0,300.3968070134034,3,2.0525534807151748e-05,0,0,0
35,1,0.0014993,0.0125015,0.0126506,0.00075,0,300.1515124257078,2,1.1139293703143552e-19,0,0,0
36,1,0.00455226,0.00648969,0.0147271,0.00075,1,300.0422959244493,3,0.0002390361340124879,0,1,0
37,1,0.00519157,0.00363314,0.0146867,0.00075,0,300.0531287350679,3,2.3652518951109244e-05,0,1,0
38,1,0.00935738,0.00719085,0.0025238,0.00075,0,300.8719272116871,5,8.502702262468622e-05,0,0,0
39,1,0.00904302,0.0137127,0.00310217,0.00075,0,300.7882086713725,5,2.3386689905795733e-05,0,0,0
40,1,0.0135203,0.00288739,0.00207765,0.00075,0,300.8943301058462,6,5.7320996935171575e-05,0,0,0
41,1,0.000439146,0.0110944,0.0134521,0.00075,0,300.15151242570795,3,6.773502664752269e-20,0,0,0
42,1,0.00988317,0.0135683,0.0110293,0.00075,0,300.30825484711465,4,3.111981317159267e-05,0,0,0
43,1,0.0141238,0.00807977,0.00377993,0.00075,0,300.7597226656196,3,3.0473831011579954e-05,0,0,0
44,1,0.00200279,0.00132408,0.0126816,0.00075,0,nan,0,0.0,0,0,0
45,1,0.0102279,0.0128672,0.00336011,0.00075,0,300.78719903868074,5,2.8532023955703033e-05,0,0,0
46,1,0.00295233,0.0096089,0.0147241,0.00075,0,300.04351622446535,3,2.4244295740898683e-05,0,1,0
47,1,0.00518597,0.00873135,0.000823127,0.00075,0,nan,0,0.0,0,0,0
48,1,0.00133145,0.00697416,0.0113659,0.00075,1,300.2775291815833,6,0.0002490333889556138,0,0,0
49,1,0.00446207,0.000609924,0.00765116,0.00075,0,300.50535171952,4,3.717681259617569e-05,0,0,0
50,1,0.00831433,0.000220829,0.0128202,0.00075,0,300.1599065845759,6,4.0473157270837667e-05,0,0,0
51,1,0.00464623,0.00358161,0.000637897,0.00075,0,300.94286072348973,2,3.313629759504191e-05,1,0,0
52,1,0.00751657,0.0133117,0.00783416,0.00075,0,300.4939629532945,5,2.4380704754088133e-05,0,0,0
53,1,0.00837038,0.00561283,0.0045936,0.00075,0,300.6827904401215,4,5.3859792156104595e-05,0,0,0
54,1,0.0131996,0.00924544,0.000649426,0.00075,0,300.9594067235848,2,2.229757302710275e-05,1,0,0
55,1,0.000778654,0.00867041,0.00876685,0.00075,0,300.4177197779006,6,9.204593849092e-05,0,0,0
56,1,0.0111335,0.00654266,0.000629808,0.00075,0,300.9623307302449,5,3.5737762570584844e-05,1,0,0
57,1,0.0117349,0.0129254,0.00322802,0.00075,0,300.7792143139307,4,3.483284140049466e-05,0,0,0
58,1,0.00100069,0.00971544,0.0128179,0.00075,1,300.13465562503393,5,0.0004014932792596548,0,0,0
59,1,0.00213613,0.00532787,0.00279534,0.00075,0,300.84861930565614,4,3.9296002206470064e-05,0,0,0
60,1,0.0120355,0.013347,0.00068661,0.00075,0,300.95438620402837,2,1.989148556255179e-05,1,0,0
61,1,0.0110029,0.00961298,0.00729321,0.00075,0,300.54907636467715,5,3.807915094596778e-05,0,0,0
62,1,0.0060172,0.0129855,0.0130881,0.00075,0,300.16659063165645,4,4.585310832080416e-05,0,0,0
63,1,0.00992413,0.0133021,0.00053523,0.00075,0,300.9345467902566,3,5.2538586531764025e-05,1,0,0
64,1,0.00293915,0.00172612,0.00892091,0.00075,0,300.46118340959214,6,6.130625996661785e-05,0,0,0
65,1,0.0141194,0.00470703,0.00433182,0.00075,0,300.73691370032617,5,7.594072744646043e-05,0,0,0
66,1,0.00121268,0.0113235,0.00138436,0.00075,0,300.91271043156803,4,2.531628195985299e-05,0,0,0
67,1,0.00688462,0.00627852,0.00651933,0.00075,1,300.4254283790323,3,0.00026519508488230206,0,0,0
68,1,0.014513,0.00303612,0.00319182,0.00075,0,300.8358112387236,3,5.827785076227411e-06,0,0,0
69,1,0.00707004,0.0133918,0.0112428,0.00075,0,300.2775455038198,4,3.860886311670712e-05,0,0,0
70,1,0.0100237,0.00090997,0.00807165,0.00075,0,300.46581499984535,5,4.3488854893730914e-05,0,0,0
71,1,0.00294313,0.00540802,0.00424802,0.00075,0,300.75233544479556,4,7.919227356855158e-06,0,0,0
72,1,0.00202257,0.0139033,0.0111178,0.00075,0,300.3020479299739,3,2.2648809654339566e-05,0,0,0
73,1,0.00319117,0.000773919,0.00404224,0.00075,0,300.7730424915484,4,3.669249338499221e-05,0,0,0
74,1,0.00411156,0.0111401,0.00131896,0.00075,0,300.93197213390147,4,3.0309989999761874e-05,0,0,0
75,1,0.00365903,0.00848651,0.0109622,0.00075,0,300.26167873259953,3,1.654052748398298e-05,0,0,0
76,1,0.0139297,0.00441449,0.000810209,0.00075,0,300.92649923716215,4,1.2280791278815026e-05,0,0,0
77,1,0.0132174,0.0116445,0.00633496,0.00075,0,300.59801863738016,3,1.5596459054333396e-05,0,0,0
78,1,0.0152694,0.0114629,0.000730223,0.00075,0,300.9617306195018,2,9.321638702207337e-06,1,0,0
79,1,2.10957e-05,0.0124219,0.0128926,0.00075,0,300.15151242570784,2,7.913708220881839e-20,0,0,0
80,1,0.00812884,0.00672759,0.00191333,0.00075,0,300.8889094708257,6,4.9678411131974434e-05,0,0,0
81,1,0.0139239,0.0132632,0.0116239,0.00075,0,300.3307690278331,4,1.9176618160252096e-05,0,0,0
82,1,0.0143449,0.00874883,0.0113934,0.00075,0,300.2832680574892,3,2.0078598196679023e-05,0,0,0
83,1,0.00970284,0.0148041,0.0072549,0.00075,0,300.5181467282759,5,4.0823065748258514e-05,0,0,0
84,1,0.0141921,0.0016198,0.00281419,0.00075,0,300.9087722021727,1,0.0,0,0,0
85,1,0.0124835,0.0087772,0.00175103,0.00075,0,300.87946351650146,6,5.875287556522739e-05,0,0,0
86,1,0.00855338,0.00550281,0.00613339,0.00075,0,300.60792577021783,3,1.3277994104493212e-05,0,0,0
87,1,0.00574114,0.00670103,0.000719644,0.00075,0,300.95407618399753,2,1.3858648113161014e-05,1,0,0
88,1,0.00946706,0.00689528,0.0146936,0.00075,0,300.03896580692015,3,1.8230686464785264e-05,0,1,0
89,1,0.0108709,0.0145836,0.0146587,0.00075,0,300.0499658870833,2,1.6884954009644808e-05,0,1,0
90,1,0.0119734,0.000960034,0.00193928,0.00075,0,300.90255532296254,3,2.7029108051204758e-05,0,0,0
91,1,0.000840014,0.000597723,0.00628912,0.00075,1,300.6205179945217,6,0.00037741056871595574,0,0,0
92,1,0.0127506,0.0149793,0.00864884,0.00075,0,300.5168165195134,3,1.2668741478308596e-05,0,0,0
93,1,0.00327322,0.000392376,0.00893675,0.00075,0,300.4421896910212,5,3.817270070589475e-05,0,0,0
94,1,0.01105,0.00419438,0.0114617,0.00075,0,300.26374959143413,4,2.9826741633798334e-05,0,0,0
95,1,0.000918659,0.00812926,0.0147495,0.00075,1,300.043604663756,3,0.0002713064823296563,0,1,1
96,1,0.000769681,0.0133036,0.0139116,0.00075,0,300.0942977133646,3,1.8093020306845958e-05,0,0,0
97,1,0.00339048,0.0115744,0.0120943,0.00075,0,300.24772169279595,4,3.329806784219846e-05,0,0,0
98,1,0.00954842,0.00167467,0.000636293,0.00075,0,300.9470626916246,4,3.131908041358453e-05,1,0,0
99,1,0.00747248,0.00193563,0.00762142,0.00075,0,300.5252295640166,4,3.789757430006014e-05,0,0,0
100,1,0.00501008,0.00690803,0.0134989,0.00075,1,300.1447507644094,6,0.0004821507021054712,0,0,0
101,2,0.00968778,0.0110666,0.000939472,0.001,0,300.9231697819193,5,4.012297506466071e-05,1,0,0
102,2,0.012526,0.00349482,0.000923494,0.001,0,300.9396497568518,7,4.1735265014736975e-05,1,0,0
103,2,0.0110664,0.00219539,0.0112643,0.001,0,300.23251963277534,5,8.263853229040878e-05,0,0,0
104,2,0.000355866,0.00506505,0.00096501,0.001,0,300.95671907563946,5,1.619192540588124e-05,1,0,0
105,2,0.00815764,0.00155739,0.00468163,0.001,0,300.7024501864182,7,8.148954118804906e-05,0,0,0
106,2,0.00379715,0.00221146,0.0103515,0.001,0,300.29764225475714,7,9.168913300330422e-05,0,0,0
107,2,0.00562145,0.0141155,0.0106443,0.001,0,300.29765049677343,4,4.388902796347179e-05,0,0,0
108,2,0.0047149,0.001044,0.000983718,0.001,0,300.95187761202203,2,1.4365878265729733e-05,1,0,0
109,2,0.0144644,0.0100909,0.00140118,0.001,0,300.9168121655066,5,3.75317241719978e-05,0,0,0
110,2,0.00650561,0.0124136,0.000884147,0.001,0,300.95637956000644,4,4.4488736608444744e-05,1,0,0
111,2,0.00785746,0.0103366,0.00103145,0.001,0,300.8920147901721,5,5.938884063431137e-05,0,0,0
112,2,0.0120908,0.00355286,0.0127108,0.001,0,300.13688326517166,5,4.910376353239849e-05,0,0,0
113,2,0.0137511,0.0112117,0.00349255,0.001,0,300.78452442607886,6,4.197757199214738e-05,0,0,0
114,2,0.00508388,0.0139401,0.00632774,0.001,0,300.60839655742063,6,5.006363091159534e-05,0,0,0
115,2,0.00638442,0.00655959,0.014431,0.001,0,300.07174566951863,4,3.567709807005544e-05,0,1,0
116,2,0.0032663,0.00252057,0.000871886,0.001,0,300.9378978328133,4,5.663401929196095e-05,1,0,0
117,2,0.00706742,0.00700147,0.0108788,0.001,1,300.26440459097654,6,0.00024869530211470885,0,0,0
118,2,0.00470819,0.0124864,0.00514439,0.001,0,300.6628743461683,7,8.123531217108773e-05,0,0,0
119,2,0.00538559,0.0145562,0.00093035,0.001,0,300.96148960860796,4,2.502661377474633e-05,1,0,0
120,2,0.000887498,0.00319027,0.00397745,0.001,0,300.7456811597491,3,2.2277376272913388e-05,0,0,0
121,2,0.00456288,0.00532131,0.0036275,0.001,0,300.74720253769215,5,5.580255965864431e-05,0,0,0
122,2,0.0112451,0.00258122,0.0141094,0.001,0,300.0934462912841,5,6.671819496681975e-05,0,0,0
123,2,0.000890145,0.00223572,0.0102524,0.001,1,300.3249579675251,6,0.0006427787685752409,0,0,0
124,2,0.0145371,0.0134171,0.0143886,0.001,0,300.0614835115187,4,1.6870827190751625e-05,0,1,0
125,2,0.0138481,0.00660686,0.00474022,0.001,0,300.72155900592946,3,4.0996212566722266e-05,0,0,0
126,2,0.00623783,0.0100748,0.0135859,0.001,0,300.1366843545443,6,6.629759166966006e-05,0,0,0
127,2,0.000544785,0.0137134,0.00885746,0.001,0,300.4898936495045,6,6.524002904074501e-05,0,0,0
128,2,0.000154724,0.0073296,0.000870085,0.001,1,300.95743895993206,5,0.0003078375181737032,1,0,1
129,2,0.014849,0.00153167,0.014381,0.001,0,300.0301621823804,3,6.141683840221764e-06,0,1,0
130,2,0.00435341,0.00823317,0.0126542,0.001,1,300.20168497705816,8,0.00032014159727225094,0,0,0
131,2,0.00985779,0.00815529,0.00388315,0.001,0,300.7569348017284,7,7.943556024243002e-05,0,0,0
132,2,0.0100439,0.00330211,0.0124968,0.001,0,300.1902054016176,5,5.0456129683342955e-05,0,0,0
133,2,0.0065924,0.00527887,0.0125227,0.001,0,300.1875529284593,5,3.904394610859577e-05,0,0,0
134,2,0.0138307,0.0113549,0.0128799,0.001,0,300.179311297082,5,8.104123117299259e-05,0,0,0
135,2,0.00964616,0.00644989,0.00520181,0.001,0,300.6529854029073,9,0.0001008576744975833,0,0,0
136,2,0.00827685,0.0147628,0.00814513,0.001,0,300.47705335818824,8,8.998158279653296e-05,0,0,0
137,2,0.00983731,0.00711561,0.0129465,0.001,0,300.0477295712569,1,0.0,0,0,0
138,2,0.00450206,0.00480361,0.0119904,0.001,0,300.183387218793,3,8.906046225313757e-06,0,0,0
139,2,0.00846184,0.00490389,0.0126128,0.001,0,300.17524744605646,6,6.78133159188554e-05,0,0,0
140,2,0.0134074,0.0094787,0.0127003,0.001,0,300.17046621359475,6,5.4788167683034265e-05,0,0,0
141,2,0.0120181,0.00811492,0.0125764,0.001,0,300.200956556056,5,6.434933330217143e-05,0,0,0
142,2,0.00772678,0.00808528,0.000953171,0.001,0,300.92832938803826,3,3.1019054104858556e-05,1,0,0
143,2,0.00608817,0.00820031,0.0133661,0.001,0,300.1563333155267,6,5.552493548777677e-05,0,0,0
144,2,0.0012251,0.0115874,0.0109257,0.001,0,300.32411081210233,4,2.4339516088659938e-05,0,0,0
145,2,0.0109118,0.00251323,0.000948249,0.001,0,300.9350417396376,5,4.254367635380674e-05,1,0,0
146,2,0.00088105,0.0150072,0.0105034,0.001,0,300.3747013029044,7,0.00011549087435282715,0,0,0
147,2,0.00358557,0.00806951,0.00525681,0.001,0,300.6457899196953,5,5.914984814326108e-05,0,0,0
148,2,0.0109869,0.0080267,0.00127195,0.001,0,300.9250597826245,7,7.92368440193243e-05,0,0,0
149,2,0.0124435,0.0146398,0.0116824,0.001,0,300.26704520079704,6,0.00010216380821453823,0,0,0
150,2,0.00854676,0.00257448,0.0136897,0.001,0,300.1052116803993,6,4.631984757934666e-05,0,0,0
151,2,0.00672295,0.000346097,0.0087875,0.001,0,300.4477093210982,5,8.538428801583562e-05,0,0,0
152,2,0.00717064,0.00382324,0.00437199,0.001,0,300.70535100272923,5,3.619866722222975e-05,0,0,0
153,2,0.00606834,0.00901907,0.00820549,0.001,0,300.450475087149,3,2.223853113263118e-05,0,0,0
154,2,0.00893611,0.0127031,0.00164658,0.001,0,300.88332912349614,7,7.316178683201043e-05,0,0,0
155,2,0.012581,0.00928693,0.00778731,0.001,0,300.501989071321,7,0.00010536263242806064,0,0,0
156,2,0.00999947,0.0108406,0.00787277,0.001,0,300.5157061074036,6,5.0101577741419925e-05,0,0,0
157,2,0.00885009,0.00379943,0.0110525,0.001,0,300.23151223548155,5,3.956159701498047e-05,0,0,0
158,2,0.00402451,0.00421498,0.0051619,0.001,0,300.67572073818775,5,4.966676633110694e-05,0,0,0
159,2,0.00763007,0.0127637,0.00294432,0.001,0,300.79511707367055,6,7.913188508243974e-05,0,0,0
160,2,0.0022856,0.0145082,0.00925216,0.001,0,300.4376215742603,7,6.901605531740661e-05,0,0,0
161,2,0.00179259,0.00373121,0.000942048,0.001,0,300.9481580691113,4,2.7364168878173626e-05,1,0,0
162,2,0.0145569,0.01125,0.00958401,0.001,0,300.4139949299334,5,6.990556136445433e-05,0,0,0
163,2,0.0104494,0.0041918,0.00970165,0.001,0,300.35506274626215,5,5.346659056989341e-05,0,0,0
164,2,0.0125467,0.000691416,0.0145152,0.001,0,300.0606904951697,3,5.2198144099707905e-05,0,1,0
165,2,0.00509822,0.0110078,0.00640293,0.001,0,300.59203267120756,6,7.015562305209324e-05,0,0,0
166,2,0.0109612,0.0108004,0.01098,0.001,0,300.2977675222435,4,4.670364889049819e-05,0,0,0
167,2,0.00688329,0.00340692,0.0143901,0.001,0,300.0564762903364,5,1.6341166251494577e-05,0,1,0
168,2,0.0120602,0.0118554,0.00443186,0.001,0,300.71020355751233,6,9.987970870667672e-05,0,0,0
169,2,0.000538242,0.0152463,0.0143884,0.001,0,300.05134222243555,3,2.784285518775337e-05,0,1,0
170,2,1.52415e-05,0.00574302,0.00951558,0.001,0,300.3887333716031,5,7.24222432660441e-05,0,0,0
171,2,0.00440958,0.0143626,0.0145282,0.001,0,300.06520656254736,4,6.044412812966432e-05,0,1,0
172,2,0.0106653,0.000433149,0.0097738,0.001,1,300.3695129398286,6,0.0007056119371591026,0,0,0
173,2,0.010716,0.000232972,0.0115652,0.001,1,300.25848684077533,4,0.0006994215272948215,0,0,0
174,2,0.00604833,0.00253204,0.00140224,0.001,0,nan,0,0.0,0,0,0
175,2,0.000257004,0.0148446,0.000978732,0.001,1,300.9568203558312,3,0.0001259425204911881,1,0,0
176,2,0.0106435,0.00802451,0.0145352,0.001,0,300.0477295712569,5,4.2558306918740526e-05,0,1,0
177,2,0.00441845,0.0127797,0.0136226,0.001,0,300.12958649276817,4,3.8281680931837305e-05,0,0,0
178,2,0.0013163,0.00973301,0.0144238,0.001,1,300.04354923675544,3,0.00020085103687485096,0,1,0
179,2,0.00779511,0.0100188,0.0145682,0.001,0,300.0637922530924,5,5.670919317883081e-05,0,1,0
180,2,0.00700269,0.00639403,0.00492724,0.001,0,300.6201246256508,7,0.0002037537348594014,0,0,0
181,2,0.00832408,0.00779038,0.00508726,0.001,0,300.66875550128003,8,6.611897352765143e-05,0,0,0
182,2,0.0113626,0.00895506,0.00296166,0.001,0,300.8101446222943,8,7.79121057187582e-05,0,0,0
183,2,0.000595232,0.00442376,0.00558026,0.001,0,300.6612750080133,3,1.160723276843122e-05,0,0,0
184,2,0.00577495,0.00516388,0.00766243,0.001,0,300.45447394267336,4,9.76019911868269e-05,0,0,0
185,2,0.00199147,0.00806141,0.0063271,0.001,0,300.61941803403687,6,9.502189728858651e-05,0,0,0
186,2,0.00211998,0.0109038,0.0130038,0.001,0,300.1515124257073,6,5.097551257564391e-05,0,0,0
187,2,0.0141259,0.00608338,0.000968971,0.001,0,300.94863923682607,6,2.9711103960186248e-05,1,0,0
188,2,0.00250635,0.00565612,0.0063415,0.001,0,300.57865697104864,5,6.532554119295989e-05,0,0,0
189,2,0.00888094,0.000740739,0.0093095,0.001,0,300.39359500499006,5,6.320453970173591e-05,0,0,0
190,2,0.00999621,0.0109642,0.0126444,0.001,0,300.17216272352044,6,8.750003400746876e-05,0,0,0
191,2,0.00864237,0.0106469,0.0113334,0.001,0,300.2679936434955,5,9.374854382091088e-05,0,0,0
192,2,0.000969465,0.00402503,0.00960789,0.001,0,300.3658913894135,8,0.00012859050752164931,0,0,0
193,2,0.0127233,0.00079723,0.00738357,0.001,0,300.5366581347278,5,4.911024783569463e-05,0,0,0
194,2,0.0146976,0.0107951,0.00618344,0.001,0,300.61480453022267,7,8.812698361452807e-05,0,0,0
195,2,0.0138771,0.00294134,0.00892731,0.001,0,300.43680076642147,4,7.342044703455744e-05,0,0,0
196,2,0.000773612,0.00264311,0.0131646,0.001,1,300.1047673361259,5,0.0008668540641791941,0,0,0
197,2,0.00194235,0.00933517,0.00774063,0.001,0,300.5087784332003,7,7.489112971018023e-05,0,0,0
198,2,0.0028642,0.00860811,0.00289342,0.001,0,300.8278760292388,6,7.948807468515633e-05,0,0,0
199,2,0.0142049,0.0134024,0.000882122,0.001,0,300.940969409821,3,5.662021594132462e-05,1,0,0
200,2,0.00271385,0.0120951,0.000983228,0.001,0,300.96892962619796,4,1.199324239540887e-05,1,0,0
201,2,0.000449221,0.0133317,0.0111781,0.001,0,300.3075103104228,5,4.231428457968313e-05,0,0,0
202,2,0.00512241,0.0142025,0.0125249,0.001,0,300.2024365771321,8,8.352065508815832e-05,0,0,0
203,2,0.0090967,0.0152193,0.0051464,0.001,0,300.64813695025333,4,4.27480021509428e-05,0,0,0
204,2,0.0143573,0.0127819,0.00851817,0.001,0,300.49412933861555,7,9.310422510603727e-05,0,0,0
205,2,0.0136468,0.0117768,0.00161815,0.001,0,300.8611580626883,5,6.729194464967817e-05,0,0,0
206,2,0.0140915,0.00668328,0.00283329,0.001,0,300.8266563119468,7,7.459769898669291e-05,0,0,0
207,2,0.00140268,0.00676794,0.00759816,0.001,0,300.5120491899531,6,0.00010119154496043871,0,0,0
208,2,0.0148179,0.00401886,0.0106743,0.001,0,300.28052455511994,5,6.885580113064543e-05,0,0,0
209,2,0.0128927,0.0122358,0.00968693,0.001,0,300.4068528728808,5,2.9650781451946757e-05,0,0,0
210,2,0.0106344,0.00516889,0.00633136,0.001,0,300.5851947290421,5,4.2820817350068913e-05,0,0,0
211,2,0.0132691,0.00322139,0.00440678,0.001,0,300.7151390094224,7,5.7258333903256674e-05,0,0,0
212,2,0.00537116,0.00290926,0.0111914,0.001,0,300.2517027064278,5,4.975118391935732e-05,0,0,0
213,2,0.0135756,0.00512942,0.00967011,0.001,0,300.35158761629503,7,8.978599810782891e-05,0,0,0
214,2,0.00886412,0.00308307,0.00375224,0.001,0,300.7582807492094,7,7.52502184981946e-05,0,0,0
215,2,0.00952206,0.00691311,0.000898627,0.001,1,300.98247681814297,5,0.00011158456207019324,1,0,0
216,2,0.000394765,0.00965594,0.0100309,0.001,0,300.32974832381734,6,9.916685532877941e-05,0,0,0
217,2,0.0007164,0.000291917,0.00791993,0.001,1,300.52764085740273,6,0.0004960554966521291,0,0,0
218,2,0.00524774,0.0125483,0.00962598,0.001,0,300.3988609354317,7,6.969804559454692e-05,0,0,0
219,2,0.0138968,0.00243653,0.0114075,0.001,0,300.23669065158435,5,5.026270312615838e-05,0,0,0
220,2,0.0129113,0.0106478,0.0110132,0.001,0,300.29891520997364,4,4.503884804270017e-05,0,0,0
221,2,0.0118976,0.0110956,0.00824709,0.001,0,300.4969675361421,5,3.0153218406473063e-05,0,0,0
222,2,0.00982367,0.0150127,0.0133574,0.001,0,300.13086138763515,5,2.5900273632647237e-05,0,0,0
223,2,0.00591345,0.0104097,0.000918365,0.001,0,300.94889906396577,2,2.9200954631393034e-05,1,0,0
224,2,0.00490533,0.00069221,0.00926079,0.001,0,300.4039605545204,6,8.150737881271148e-05,0,0,0
225,2,0.0123963,0.00678884,0.00680525,0.001,0,300.52627293869085,3,4.048125522644444e-05,0,0,0
226,2,0.00365581,0.0111931,0.00410831,0.001,0,300.7160636575885,4,3.167515082227467e-05,0,0,0
227,2,0.0111058,0.015098,0.00812776,0.001,1,300.47969727367274,8,0.0006960452910857504,0,0,0
228,2,0.00737449,0.00408512,0.00181528,0.001,0,300.86570970258276,6,3.41443839997582e-05,0,0,0
229,2,0.0018468,0.00559321,0.0090898,0.001,0,300.4174603459012,7,0.00010694517565044959,0,0,0
230,2,0.00106997,0.00493477,0.00746085,0.001,0,300.50807279919724,6,4.671926148630334e-05,0,0,0
231,2,0.00702218,0.00933933,0.00230049,0.001,0,300.82506000745525,7,6.845038175806717e-05,0,0,0
232,2,0.0142658,0.0148428,0.0112978,0.001,0,300.3515887906032,4,0.00010249020505873211,0,0,0
233,2,0.00841092,0.00959626,0.0058444,0.001,0,300.635465494072,6,7.123988270411721e-05,0,0,0
234,2,0.0125201,0.000435398,0.0101814,0.001,0,300.3582857501059,3,4.0320016497987635e-05,0,0,0
235,2,0.00509977,0.0104938,0.0114683,0.001,0,300.2542189369949,6,4.9351143299748474e-05,0,0,0
236,2,0.0147244,0.0118431,0.011367,0.001,0,300.2994174133931,7,0.00010674020586166102,0,0,0
237,2,0.00512251,0.00157736,0.0126485,0.001,0,300.175332797348,6,6.0044514674423424e-05,0,0,0
238,2,0.00251217,0.00823778,0.0121972,0.001,0,300.2160922591263,5,3.4797097606000524e-05,0,0,0
239,2,0.000977121,0.0145399,0.0126192,0.001,0,300.1896396785836,5,5.3818448900418037e-05,0,0,0
240,2,8.10685e-05,0.00346276,0.00800281,0.001,0,300.4965808103101,6,0.00010353932757133467,0,0,0
241,2,0.0111815,0.00982975,0.000890611,0.001,0,300.9298603735552,4,4.639597121314444e-05,1,0,0
242,2,0.01394,0.0142913,0.00637056,0.001,1,300.6254737032212,7,0.0006493515706407421,0,0,0
243,2,0.00707059,0.0141062,0.00170009,0.001,0,300.86641843566804,4,6.590787326831986e-05,0,0,0
244,2,0.0126739,0.00729969,0.000948025,0.001,0,300.9397568301576,7,3.487478307788043e-05,1,0,0
245,2,0.00599052,0.0152894,0.0138492,0.001,0,300.12350772042066,5,5.146248873695589e-05,0,0,0
246,2,0.00999666,0.00133732,0.0146069,0.001,1,300.0429109340919,3,0.00041715562117934836,0,1,0
247,2,0.00470948,0.0111967,0.008307,0.001,0,300.4677980143595,6,8.62223711849758e-05,0,0,0
248,2,0.00534896,0.0085551,0.0110848,0.001,1,300.25502541570745,7,0.00041781431990983785,0,0,0
249,2,0.00892562,0.0125508,0.00432971,0.001,0,300.71681673366527,6,8.405456785504969e-05,0,0,0
250,2,0.00356341,0.00181973,0.00533926,0.001,0,300.6666997316166,7,8.231981489587044e-05,0,0,0
251,2,0.00651834,0.00687967,0.00795518,0.001,1,300.3732827039623,5,0.00039936352297038506,0,0,0
252,2,0.00695671,0.00474392,0.00905735,0.001,0,300.39585386766686,5,7.783601758141734e-05,0,0,0
253,2,0.00801103,0.00791742,0.00315793,0.001,0,300.79356767494005,7,7.943787844718787e-05,0,0,0
254,2,0.00538342,0.0034238,0.0130372,0.001,0,300.1569373099939,7,5.891728251047905e-05,0,0,0
255,2,0.0048199,0.0124239,0.0116554,0.001,0,300.2539408545439,5,1.41940001106386e-05,0,0,0
256,2,0.0123629,0.00535672,0.000884611,0.001,0,300.9452148568349,6,4.207556940704433e-05,1,0,0
257,2,0.0123128,0.0136301,0.00500719,0.001,1,300.6625278599197,4,0.0003123113838718756,0,0,0
258,2,0.0132691,0.0093747,0.00311564,0.001,0,300.78590123913597,7,6.948353263734066e-05,0,0,0
259,2,0.00924009,0.00904139,0.0140747,0.001,0,300.0995200028543,6,8.09320322693555e-05,0,0,0
260,2,0.00240283,0.000843443,0.0102687,0.001,0,300.3833323689393,7,8.937719157739767e-05,0,0,0
261,2,0.00719036,0.00578893,0.00085116,0.001,0,300.92603888813414,6,6.369617896663464e-05,1,0,0
262,2,0.00873277,0.00988291,0.00393572,0.001,0,300.74165671787773,7,8.113104182229764e-05,0,0,0
263,2,0.0105733,0.0125735,0.00526755,0.001,0,300.6491232662155,6,6.425148812206433e-05,0,0,0
264,2,0.00210729,0.00779943,0.00900949,0.001,0,300.4011820493325,6,8.132797910230152e-05,0,0,0
265,2,0.010898,0.0143746,0.00316433,0.001,0,300.78958307635395,5,5.030202002458357e-05,0,0,0
266,2,0.000150276,0.00624099,0.00629367,0.001,0,300.62561753207206,6,0.0001335231799991599,0,0,0
267,2,0.0102484,0.00405377,0.00280051,0.001,0,300.82355117505136,4,3.8217681732968726e-05,0,0,0
268,2,0.0127241,0.0126985,0.00758516,0.001,0,300.5398946881528,6,5.380949378999324e-05,0,0,0
269,2,0.0131443,0.012018,0.0144795,0.001,0,300.05969844995366,3,3.9394731567485636e-05,0,1,0
270,2,0.00921945,0.0119421,0.00641884,0.001,0,300.58538804217625,8,0.00010085941173618019,0,0,0
271,2,0.00757315,0.0141395,0.00982918,0.001,0,300.37488347568944,3,3.859322602725785e-05,0,0,0
272,2,0.00857401,0.0138082,0.00644255,0.001,0,300.57931199822303,5,3.9034379956720064e-05,0,0,0
273,2,0.00581911,0.00172426,0.0144566,0.001,0,300.06400388706203,6,5.5294243075699464e-05,0,1,0
274,2,0.00878013,0.0126694,0.0120224,0.001,0,300.2092419308941,3,2.2675635863945186e-05,0,0,0
275,2,0.0151819,0.00983466,0.00397306,0.001,0,300.71343681115206,2,9.10060341851589e-10,0,0,0
276,2,0.0121463,0.00672581,0.0027741,0.001,0,300.83241530337045,3,1.8273305292428564e-05,0,0,0
277,2,0.00930259,0.0112453,0.0144407,0.001,0,300.06450953471295,4,3.438345517692644e-05,0,1,0
278,2,0.00785891,0.00232456,0.00962299,0.001,0,300.3537836916375,7,8.326136625299077e-05,0,0,0
279,2,0.0127724,0.00169191,0.00554587,0.001,0,300.6591155360429,5,6.641374042078442e-05,0,0,0
280,2,0.0144691,0.0152824,0.00250948,0.001,1,300.86745354978285,4,0.000958808880246641,0,0,0
281,2,0.00458878,0.0127323,0.000889927,0.001,1,300.98051126397286,7,0.000129316538311843,1,0,0
282,2,0.00357887,0.0134538,0.0101713,0.001,0,300.371486719004,6,6.929991029036231e-05,0,0,0
283,2,0.0112303,0.00798569,0.00783697,0.001,0,300.4855018012735,8,9.609383976121185e-05,0,0,0
284,2,0.0082099,0.000870013,0.0144201,0.001,0,300.0627614435054,5,4.726730341774177e-05,0,1,0
285,2,0.0143522,0.0101641,0.0143856,0.001,0,300.07643343442123,2,1.8700735534984916e-05,0,1,0
286,2,0.00714818,0.00220529,0.00322679,0.001,0,300.74967938143425,5,5.565642584365449e-05,0,0,0
287,2,0.00915807,0.00328766,0.000934924,0.001,0,300.94827451085325,4,2.639034253505709e-05,1,0,0
288,2,0.00413295,0.0147811,0.00445143,0.001,0,300.74403291556433,5,8.395466769383099e-05,0,0,0
289,2,0.00521796,0.00515041,0.0138533,0.001,0,300.104465961895,6,5.517749290691269e-05,0,0,0
290,2,0.0145644,0.000729407,0.00675731,0.001,0,300.59621593099286,7,6.0673652754100175e-05,0,0,0
291,2,0.0149452,0.00631236,0.0144022,0.001,0,300.0392288876158,2,1.7779996941803755e-05,0,1,0
292,2,0.000518752,0.00218991,0.00672875,0.001,0,300.6283455568347,7,0.00011609383937486741,0,0,0
293,2,0.00239349,0.0136902,0.0136603,0.001,0,300.14979827788056,5,5.8087586361453595e-05,0,0,0
294,2,0.00258171,0.00802324,0.0144181,0.001,0,300.0569913853296,4,3.740885129471576e-05,0,1,0
295,2,0.0103888,0.0118671,0.00947094,0.001,0,300.4239765647167,5,5.747465272460383e-05,0,0,0
296,2,0.00383011,0.00460069,0.00716519,0.001,0,300.54618422430485,5,8.368602803561685e-05,0,0,0
297,2,0.00337851,0.0136074,0.012037,0.001,0,300.24283707435296,6,8.983414144569986e-05,0,0,0
298,2,0.0111879,0.00951807,0.00905958,0.001,0,300.4254456036077,6,8.107145656725309e-05,0,0,0
299,2,0.00756921,0.0122723,0.00560177,0.001,0,300.6403315701734,5,9.071501454152521e-05,0,0,0
300,2,0.00247022,0.003927,0.0083815,0.001,0,300.49294978029957,6,7.495072964004542e-05,0,0,0
301,2,0.00143209,0.00602887,0.00484575,0.001,0,300.69899837054675,7,9.49811533341607e-05,0,0,0
302,2,0.00492007,0.000441801,0.00580023,0.001,0,300.6312380711381,6,6.958485082050918e-05,0,0,0
303,2,0.00161236,0.00169672,0.00526334,0.001,1,300.7283713572936,7,0.0006951689907846138,0,0,0
304,2,0.00973482,0.00826854,0.00897179,0.001,0,300.4117472381108,5,6.603009855527438e-05,0,0,0
305,2,0.000941687,0.0129901,0.00100755,0.001,0,300.94862985948515,3,6.647210179223869e-06,0,0,0
306,2,0.00547909,0.00680481,0.011901,0.001,1,300.2201468529317,7,0.0003542072593351123,0,0,0
307,2,0.0126317,0.00700878,0.00871286,0.001,0,300.44466764744845,5,5.357890439664377e-05,0,0,0
308,2,0.00781705,0.00683899,0.0126454,0.001,0,300.1932070095079,4,4.982278538873838e-05,0,0,0
309,2,0.00872367,0.00391884,0.00886091,0.001,0,300.4310896320961,5,5.630437399841618e-05,0,0,0
310,2,0.00140595,0.0016411,0.0145374,0.001,1,300.03096137362394,4,0.0002533892238882295,0,1,0
311,2,0.00386171,0.00270794,0.00802837,0.001,0,300.5027505946031,6,7.227081972225153e-05,0,0,0
312,2,0.00501401,0.00925255,0.00568857,0.001,0,300.60856771742925,4,5.8772432093248686e-05,0,0,0
313,2,0.0124689,0.00812599,0.00436228,0.001,0,300.72681501600806,4,4.198217394474071e-05,0,0,0
314,2,0.0119348,0.00572724,0.0104921,0.001,0,300.3142219624593,5,5.987842747563846e-05,0,0,0
315,2,0.00697578,0.00371731,0.0106163,0.001,0,300.2804600143401,6,8.794196842251077e-05,0,0,0
316,2,0.0066188,0.0145815,0.00723761,0.001,0,300.5477394626625,7,9.327179156583409e-05,0,0,0
317,2,0.00562226,0.00477273,0.00132247,0.001,0,300.8632413640372,6,5.1318734853443896e-05,0,0,0
318,2,0.00596783,0.00536559,0.010693,0.001,0,300.268683011598,6,6.092644813187828e-05,0,0,0
319,2,0.00729414,0.00333063,0.0124551,0.001,0,300.1626649836418,6,5.4430871521165666e-05,0,0,0
320,2,0.00184032,0.0120793,0.0144747,0.001,0,300.0653243685371,3,4.2146213303692945e-05,0,1,0
321,2,0.00236701,0.0149398,0.00212329,0.001,0,300.8778952593879,5,9.408203907632575e-05,0,0,0
322,2,0.00269748,0.00373721,0.00383797,0.001,0,300.7619933162239,4,4.007497173863383e-05,0,0,0
323,2,0.0144285,0.00342394,0.0130015,0.001,0,300.13389905484024,4,5.455384289585895e-05,0,0,0
324,2,0.014394,0.0147198,0.00818975,0.001,1,300.5428559787853,8,0.0003316540193679005,0,0,0
325,2,0.0136472,0.006821,0.0130219,0.001,0,300.15401892949933,5,8.634819554799305e-05,0,0,0
326,2,0.0108772,0.0129161,0.00181871,0.001,0,300.8542771007343,7,7.79630018320966e-05,0,0,0
327,2,0.013759,0.0108389,0.00784852,0.001,0,300.51320152612334,5,4.2647911810773756e-05,0,0,0
328,2,0.002086,0.00987322,0.0108939,0.001,0,300.30093777371485,6,6.917535511194093e-05,0,0,0
329,2,0.0106617,0.0102324,0.00420182,0.001,0,300.7357313409042,5,5.4964097748285754e-05,0,0,0
330,2,0.00760515,0.0042274,0.00728987,0.001,0,300.52092443434856,4,6.617723892307215e-05,0,0,0
331,2,0.00951329,0.0100961,0.00974049,0.001,0,300.3600901679263,4,4.176605137976674e-05,0,0,0
332,2,0.0147426,0.012606,0.00667052,0.001,0,300.59872179628053,5,7.075195985436808e-05,0,0,0
333,2,0.000772106,0.00917672,0.000891831,0.001,1,300.9577561092258,4,0.00027787233727939807,1,0,0
334,2,0.0128459,0.00868162,0.0144002,0.001,0,300.055032394386,2,1.892521700549896e-05,0,1,0
335,2,0.0127752,0.0139847,0.00230137,0.001,0,300.85267334051514,2,1.4578854365491403e-05,0,0,0
336,2,0.00206314,0.0089518,0.00458818,0.001,0,300.7007524891007,7,9.505215420248238e-05,0,0,0
337,2,0.00863629,0.00430558,0.0144603,0.001,0,300.06496311771826,5,4.0943123573547856e-05,0,1,0
338,2,0.00139906,0.0022093,0.00850697,0.001,0,300.4460251735032,6,0.00014458952411424238,0,0,0
339,2,0.000519877,0.00761316,0.010058,0.001,1,300.3377793028438,6,0.0008410300917663681,0,0,1
340,2,0.0066216,0.0078737,0.00612172,0.001,0,300.54936080112964,6,0.0001309127158588808,0,0,0
341,2,0.00177003,0.0106641,0.00911158,0.001,0,300.42014779728754,7,8.613961029512037e-05,0,0,0
342,2,0.000885436,0.00966532,0.00602013,0.001,0,300.6576921933151,5,4.883072447012501e-05,0,0,0
343,2,0.0063218,0.0125101,0.00426012,0.001,0,300.7279833251998,7,0.00012799645654757677,0,0,0
344,2,0.00892088,0.00514356,0.00129141,0.001,0,300.9183890922273,6,6.600929025210486e-05,0,0,0
345,2,0.00625872,0.00230596,0.00867378,0.001,0,300.4422059067488,4,6.840305849404879e-05,0,0,0
346,2,0.0121634,0.0143626,0.00679055,0.001,1,300.5767526820013,8,0.0006057764806359125,0,0,0
347,2,0.00695371,0.0147786,0.0122093,0.001,0,300.2041935574764,7,5.7465127523153834e-05,0,0,0
348,2,8.43548e-05,0.00995715,0.00799865,0.001,0,300.50709123065144,5,3.670043640137113e-05,0,0,0
349,2,0.00462761,0.014216,0.00872348,0.001,0,300.444287084987,5,4.25680813511459e-05,0,0,0
350,2,0.015169,0.0101144,0.011814,0.001,0,300.236783965305,5,8.888308233534015e-05,0,0,0
351,2,0.00603778,0.00111112,0.00717034,0.001,0,300.5345528711432,7,7.812125173856815e-05,0,0,0
352,2,0.0141363,0.00826352,0.00175616,0.001,0,300.89337317184163,7,8.213372510513098e-05,0,0,0
353,2,0.0079913,0.00761103,0.0143987,0.001,0,300.0706864259564,4,3.568705095339562e-05,0,1,0
354,2,0.00452008,0.00844254,0.0144932,0.001,0,300.0893032233433,3,6.819532271238404e-05,0,1,0
355,2,0.0131778,0.00166347,0.000956286,0.001,0,300.9561258452696,4,2.0800737844121715e-05,1,0,0
356,2,0.0107403,0.0055451,0.00180551,0.001,0,300.893974720503,6,9.234543981589576e-05,0,0,0
357,2,0.00453691,0.00942341,0.00954167,0.001,0,300.34609830279186,6,5.8283563353721166e-05,0,0,0
358,2,0.00962222,0.0113023,0.00289497,0.001,0,300.8125362503124,6,3.3936116100056186e-05,0,0,0
359,2,0.0026326,0.00369939,0.0105278,0.001,0,300.26389129782535,6,9.198897251421558e-05,0,0,0
360,2,0.0120467,0.0108003,0.0126983,0.001,0,300.19891735048895,5,0.00011435205508735681,0,0,0
361,2,0.00874637,0.0122671,0.00818002,0.001,0,300.48452884739424,6,8.427138698925488e-05,0,0,0
362,2,0.00641682,0.0122244,0.00702925,0.001,0,300.53096455822475,6,9.005754338920673e-05,0,0,0
363,2,0.00552444,0.0108269,0.00453722,0.001,0,300.71545209124497,6,7.514204694410495e-05,0,0,0
364,2,0.0103754,0.006324,0.00347663,0.001,0,300.78203799137816,6,0.00011004901699976439,0,0,0
365,2,0.00576113,0.00496984,0.00514114,0.001,0,300.6564235928528,6,4.519513521867654e-05,0,0,0
366,2,0.00996983,0.00162457,0.00463433,0.001,0,300.69611930368933,6,8.604249016296888e-05,0,0,0
367,2,0.0106884,0.0107356,0.00604621,0.001,0,300.6047248447499,6,5.655396903975445e-05,0,0,0
368,2,0.0116912,0.0149773,0.00096492,0.001,0,300.9415858639218,5,3.5897423568510804e-05,1,0,0
369,2,0.00953084,0.00657841,0.0070626,0.001,0,300.5437312559992,6,9.998744882207018e-05,0,0,0
370,2,0.00291999,0.00322739,0.0144818,0.001,0,300.0530800872187,4,4.1225952655511666e-05,0,1,0
371,2,0.00616535,0.00772151,0.00208443,0.001,0,300.8305271017399,6,4.836116138856281e-05,0,0,0
372,2,0.00790977,0.0005545,0.00657309,0.001,0,300.5767368760795,4,2.0668108387163315e-05,0,0,0
373,2,0.00253931,0.00484977,0.0121283,0.001,0,300.20877959038944,6,4.7392061086831004e-05,0,0,0
374,2,0.00708603,0.00226918,0.00604545,0.001,0,300.6142364172171,8,9.888973320181737e-05,0,0,0
375,2,0.00723472,0.0109701,0.00343743,0.001,0,300.7726089082882,6,5.764939365672437e-05,0,0,0
376,2,0.00859229,0.00485768,0.00319335,0.001,0,300.7913061904868,6,7.001933102664702e-05,0,0,0
377,2,0.00109812,0.00349856,0.0116007,0.001,1,300.2166293758601,5,0.0006861568901196689,0,0,0
378,2,0.00572299,0.00380241,0.00301698,0.001,0,300.7650640794755,3,2.9368822148286954e-05,0,0,0
379,2,0.0151635,0.00648948,0.0120217,0.001,0,300.23709282821255,5,8.422029445948974e-05,0,0,0
380,2,0.00368541,0.00648051,0.0125803,0.001,0,300.19182222967487,6,9.510452459487258e-05,0,0,0
381,2,0.0034757,0.0142895,0.000851078,0.001,0,300.9558042640515,4,5.4812764050650754e-05,1,0,0
382,2,0.0131829,0.00249219,0.0143918,0.001,0,300.04612396684564,4,1.967727065083193e-05,0,1,0
383,2,0.00318155,0.0014035,0.0139873,0.001,0,300.08217644337174,6,8.957477976830711e-05,0,0,0
384,2,0.00906508,0.00223346,0.00795407,0.001,0,300.51714532049397,5,5.123072955491165e-05,0,0,0
385,2,0.000803853,0.00855083,0.0115832,0.001,1,300.2375707054458,8,0.0008381497396565097,0,0,1
386,2,0.00248374,0.0151863,0.00540234,0.001,0,300.6623005168346,5,5.483756836898747e-05,0,0,0
387,2,0.0097276,0.00238535,0.00987972,0.001,0,300.3266885308516,6,8.474249767422123e-05,0,0,0
388,2,0.0115477,0.00659241,0.00495397,0.001,0,300.69524294582953,4,5.302912167752885e-05,0,0,0
389,2,0.00703731,0.00147038,0.0130426,0.001,0,300.1270676147487,6,6.279553178869665e-05,0,0,0
390,2,0.00098502,0.0053282,0.0111163,0.001,0,300.2623031575404,6,7.145100904663028e-05,0,0,0
391,2,0.003511,0.015171,0.0131598,0.001,0,300.16068004960533,6,0.00010591051013248459,0,0,0
392,2,0.00872676,0.0148175,0.0113207,0.001,0,300.23083850590115,3,1.5355849509656567e-05,0,0,0
393,2,0.00240649,0.00685607,0.00344709,0.001,0,300.80127801928705,5,5.345768074812803e-05,0,0,0
394,2,0.0141476,0.0130014,0.00491582,0.001,0,300.6857916509438,8,9.510793844732267e-05,0,0,0
395,2,0.0103426,0.00140231,0.0128859,0.001,1,300.1520710291379,8,0.000820863379634922,0,0,0
396,2,0.00198955,0.0125949,0.00943874,0.001,0,300.40270529677247,6,5.125274074817437e-05,0,0,0
397,2,0.0102956,0.00903363,0.0124232,0.001,0,300.17364884887473,5,3.2841091121056846e-05,0,0,0
398,2,0.00125962,0.014085,0.00337117,0.001,0,300.7871312454287,5,8.387369348665279e-05,0,0,0
399,2,0.0136293,0.0151931,0.000883264,0.001,1,300.95909960976036,4,0.00027948586695951074,1,0,0
400,2,0.00349408,0.00984074,0.0121777,0.001,0,300.2101322589629,7,6.978729904658864e-05,0,0,0
401,3,0.00286447,0.009734,0.0011025,0.00125,0,300.9357042710696,4,7.152627377198152e-05,1,0,0
402,3,0.00864119,0.00172406,0.011622,0.00125,0,300.2147051869145,8,0.00012991680944450393,0,0,0
403,3,0.0142043,0.00878106,0.00656703,0.00125,1,300.5821591910384,6,0.001005360758645774,0,0,1
404,3,0.0106021,0.0130877,0.00764289,0.00125,0,300.50758794975843,9,0.00011033546919395648,0,0,0
405,3,0.00255816,0.00114621,0.00710047,0.00125,0,300.5939814554074,11,0.00021674218067438796,0,0,0
406,3,0.0138166,0.0150889,0.00444539,0.00125,1,300.7228861416655,7,0.0009588088802467161,0,0,0
407,3,0.000265837,0.00514675,0.0032108,0.00125,0,300.78677771698653,7,6.309873146427073e-05,0,0,0
408,3,0.000596411,0.0117735,0.00480197,0.00125,0,300.71775360638645,6,6.705887448636141e-05,0,0,0
409,3,0.00487931,0.00937461,0.00280342,0.00125,0,300.8140892077382,5,3.972261549270419e-05,0,0,0
410,3,0.011736,0.00066532,0.00405254,0.00125,0,300.7189882009679,6,0.00011996261590004767,0,0,0
411,3,0.00389386,0.013466,0.00280387,0.00125,0,300.8646892454235,6,0.00013546015333774943,0,0,0
412,3,0.0125126,0.0140022,0.0137814,0.00125,0,300.1051633033475,6,6.47854175794078e-05,0,0,0
413,3,0.00959524,0.0147618,0.00155384,0.00125,0,300.85870396795985,8,0.00010835847115843399,0,0,0
414,3,0.0114087,0.0138141,0.00980987,0.00125,0,300.4041294409834,7,0.00011977264392423341,0,0,0
415,3,0.00423907,0.0107346,0.0139761,0.00125,0,300.12950560876027,4,4.308272113951593e-05,0,0,0
416,3,0.0107363,0.00464063,0.0140857,0.00125,0,300.10437173575167,6,4.037567135601445e-05,0,0,0
417,3,0.000154844,0.00109198,0.0119181,0.00125,0,300.2460757864995,6,0.00017771448452590102,0,0,0
418,3,0.00204686,0.00637336,0.00117652,0.00125,0,300.9449549891737,4,5.0068974911727284e-05,1,0,0
419,3,0.0137165,0.00929045,0.00956968,0.00125,0,300.38901545011754,7,0.00011111077274528242,0,0,0
420,3,0.00709482,0.0119501,0.0142682,0.00125,0,300.08440969333947,5,8.86137618057926e-05,0,1,0
421,3,0.00522698,0.0073251,0.0040587,0.00125,0,300.7202053973897,9,0.0001714643175216729,0,0,0
422,3,0.0068171,0.0116391,0.0119993,0.00125,0,300.2348042632593,8,0.00013983370810475724,0,0,0
423,3,0.0149669,0.0129066,0.00285924,0.00125,0,300.8017539215493,7,8.640595254389455e-05,0,0,0
424,3,0.0119203,0.00429212,0.00786969,0.00125,0,300.5103097846329,7,7.775575337780828e-05,0,0,0
425,3,0.00527292,0.00713916,0.00961492,0.00125,1,300.3081275529162,6,0.0005340428606891392,0,0,0
426,3,0.00332749,0.00282902,0.0123916,0.00125,0,300.17381654189734,7,9.937513831984393e-05,0,0,0
427,3,0.0106172,0.0061586,0.00884653,0.00125,0,300.4124711958748,9,0.00013244697683231855,0,0,0
428,3,0.010236,0.00840283,0.00599713,0.00125,0,300.6134314422517,7,0.00010399817724800528,0,0,0
429,3,0.00787271,0.0090787,0.0125727,0.00125,0,300.1855834974949,8,0.00013301055848909544,0,0,0
430,3,0.012392,0.0035215,0.0102817,0.00125,0,300.3222028828023,8,0.00014737750975551102,0,0,0
431,3,0.000478223,0.0143084,0.00535659,0.00125,0,300.6641638421404,8,0.00013467573953760935,0,0,0
432,3,0.00300831,0.00642562,0.010603,0.00125,0,300.3080910051635,7,0.00010302414975882293,0,0,0
433,3,0.00488582,0.00666235,0.00631211,0.00125,0,300.5591731105474,7,0.00013972880455721367,0,0,0
434,3,0.0140576,0.00533103,0.00758861,0.00125,0,300.5070527585356,6,0.00013634537762741944,0,0,0
435,3,0.00352808,0.00641109,0.00817625,0.00125,0,300.43353594189944,10,0.00022751015040593662,0,0,0
436,3,0.00541196,0.00333014,0.00665278,0.00125,0,300.57620198923587,7,0.00011414084585821552,0,0,0
437,3,0.0128722,0.0100815,0.00515816,0.00125,0,300.6701335661728,7,0.00013032928206283752,0,0,0
438,3,0.00676824,0.0091283,0.00445074,0.00125,0,300.6989637086942,10,0.00016492948780671017,0,0,0
439,3,0.00150798,0.00130126,0.00109445,0.00125,1,300.947042900837,6,0.0004933027044784239,1,0,0
440,3,0.00404456,0.00864856,0.00752236,0.00125,0,300.4936666874066,8,0.0001023785412522358,0,0,0
441,3,0.00647566,0.00104766,0.0108102,0.00125,0,300.3021935720139,7,9.771211027174302e-05,0,0,0
442,3,0.00358582,0.0112819,0.0101736,0.00125,0,300.35470961687525,11,0.00011972513689039673,0,0,0
443,3,0.0137968,0.00708503,0.0105313,0.00125,0,300.3504763844817,9,0.0001504660251727773,0,0,0
444,3,0.00730094,0.00931706,0.010022,0.00125,0,300.370324171403,4,3.0222983849823994e-05,0,0,0
445,3,0.0114463,0.00207711,0.00861686,0.00125,0,300.41200604573464,6,0.00011966540514411703,0,0,0
446,3,0.009053,0.0079031,0.0109555,0.00125,0,300.29428900671144,8,0.00012739101767720795,0,0,0
447,3,0.00308504,0.00529079,0.0142464,0.00125,0,300.07298325817544,7,0.00011250241103200344,0,1,0
448,3,0.0113986,0.00787863,0.0104791,0.00125,0,300.3097756783113,6,5.628818931598174e-05,0,0,0
449,3,0.00358764,0.0043882,0.00196482,0.00125,0,300.85930086845633,8,0.000108631342869926,0,0,0
450,3,0.0078991,0.0141693,0.0141394,0.00125,0,300.0787632534804,6,3.294701547839258e-05,0,1,0
451,3,0.00151112,0.00661975,0.013202,0.00125,0,300.1733182968479,7,0.00014857770683235664,0,0,0
452,3,0.00185793,0.0139856,0.00720806,0.00125,0,300.5474632473872,8,0.00011324650301094043,0,0,0
453,3,0.0103195,0.0129423,0.0135931,0.00125,0,300.12658882568394,5,3.701167607646585e-05,0,0,0
454,3,0.000778643,0.0044607,0.0142257,0.00125,1,300.03157083874163,4,0.00022882377475100707,0,1,0
455,3,0.0150834,0.00832007,0.0133538,0.00125,1,300.14602087512014,7,0.0005830876642144735,0,0,1
456,3,0.00429788,0.00460278,0.00953474,0.00125,0,300.3405983046881,5,7.635522726793677e-05,0,0,0
457,3,0.00358932,0.0124559,0.00693932,0.00125,0,300.58180997029467,9,0.00011023992150474156,0,0,0
458,3,0.0124797,0.00120012,0.0124975,0.00125,0,300.1943680357456,6,0.00011170328427398545,0,0,0
459,3,0.0055355,0.000255031,0.0029715,0.00125,0,300.78157241648125,4,1.6213157101046384e-05,0,0,0
460,3,0.0118559,0.00265954,0.0028569,0.00125,0,300.82514256059693,10,0.00016055089431753886,0,0,0
461,3,0.002976,0.010311,0.00605346,0.00125,0,300.5929308772803,7,7.794134241049455e-05,0,0,0
462,3,0.00794846,0.0153104,0.00326511,0.00125,0,300.78469449163345,9,0.0001512060327781125,0,0,0
463,3,0.00940419,0.00919532,0.00201588,0.00125,0,300.84979637358094,8,0.00011880320807804089,0,0,0
464,3,0.0120431,0.0125817,0.0117104,0.00125,0,300.3001559702936,6,8.994445930745774e-05,0,0,0
465,3,0.00966264,0.00154015,0.00253213,0.00125,0,300.8269980313282,8,0.00011940251480354913,0,0,0
466,3,0.008276,0.00645263,0.00919447,0.00125,0,300.35430682315416,6,0.00010759303223357074,0,0,0
467,3,0.00259572,0.0131113,0.00478786,0.00125,0,300.7260525594069,7,9.48015959409648e-05,0,0,0
468,3,0.00542242,0.0116958,0.00257056,0.00125,0,300.8634339969547,9,0.0002230997083135845,0,0,0
469,3,0.00232622,0.00341988,0.00624313,0.00125,0,300.64061511393004,9,0.00012412087848491542,0,0,0
470,3,0.0134051,0.00505072,0.0118767,0.00125,0,300.22968688318,9,0.0001763328711813043,0,0,0
471,3,0.00988032,0.00569896,0.0111818,0.00125,0,300.2791964562422,7,7.138075542701696e-05,0,0,0
472,3,0.000727052,0.00813109,0.00273617,0.00125,1,300.86027118779106,6,0.0010854051863973418,0,0,1
473,3,0.0018216,0.0105733,0.00310661,0.00125,0,300.79630665596335,7,9.720854090826494e-05,0,0,0
474,3,0.0132164,0.00464896,0.0142442,0.00125,0,300.07715140779993,6,7.435761235973508e-05,0,1,0
475,3,0.00547061,0.00220868,0.00452783,0.00125,0,300.70312600480355,9,0.0001244033500530696,0,0,0
476,3,0.00417548,0.00707696,0.00185079,0.00125,0,300.86829201099766,4,6.940923883964015e-05,0,0,0
477,3,0.012717,0.00497249,0.00564253,0.00125,0,300.6291637102529,11,0.00018490685126688417,0,0,0
478,3,0.00390924,0.00208158,0.00278571,0.00125,0,300.8255264331708,6,0.00010782705023262775,0,0,0
479,3,0.0119641,0.0066168,0.0141512,0.00125,0,300.08670302708595,5,7.089260802613514e-05,0,1,0
480,3,0.00132069,0.000897655,0.00340791,0.00125,1,300.83040768337764,5,0.0007459033487285844,0,0,0
481,3,0.0110828,0.010023,0.0142771,0.00125,0,300.07425577799756,7,9.208889385837136e-05,0,1,0
482,3,0.00760919,0.0117553,0.00983223,0.00125,0,300.36992273367844,7,0.0001488118579063226,0,0,0
483,3,0.0147465,0.00741987,0.00833856,0.00125,1,300.4559726182717,8,0.000956261071842678,0,0,1
484,3,0.00126161,0.0116434,0.00723613,0.00125,0,300.53316899598093,6,5.5094521167471604e-05,0,0,0
485,3,0.0148598,0.00183155,0.00485025,0.00125,0,300.70138694155315,7,6.990757452500366e-05,0,0,0
486,3,0.0041845,0.000270788,0.0112352,0.00125,0,300.27512482359487,8,0.00015139281418471864,0,0,0
487,3,0.00757262,0.0105256,0.00773959,0.00125,0,300.46002917906105,5,4.215339973511982e-05,0,0,0
488,3,0.00670747,0.00583542,0.00290594,0.00125,0,300.80570220729766,8,0.00015127252016896894,0,0,0
489,3,0.0108315,0.00063707,0.00626549,0.00125,0,300.5841190081524,9,0.00016683756701577974,0,0,0
490,3,0.000256757,0.00786836,0.00497188,0.00125,1,300.713345027707,10,0.0010754851283755681,0,0,1
491,3,0.0137817,0.00307043,0.00676854,0.00125,0,300.5437235523898,6,9.556699073413525e-05,0,0,0
492,3,0.0151889,0.00300748,0.00131104,0.00125,0,300.9284086886431,7,3.89970489773211e-05,0,0,0
493,3,0.0118046,0.0110655,0.00245696,0.00125,0,300.82844890698453,8,8.735015251207467e-05,0,0,0
494,3,0.00899819,0.00313438,0.00595921,0.00125,0,300.63621491951517,9,9.91528379576085e-05,0,0,0
495,3,0.00776734,0.000944439,0.00111534,0.00125,0,300.9135019571904,5,7.684735072778799e-05,1,0,0
496,3,0.0145161,0.00101532,0.00961945,0.00125,0,300.42543163553,5,7.748392997012556e-05,0,0,0
497,3,0.0132851,0.00466757,0.0026714,0.00125,0,300.85110984199724,8,9.59936828810421e-05,0,0,0
498,3,0.00817881,0.00822097,0.00753351,0.00125,0,300.4623710627147,7,0.00014010626898391327,0,0,0
499,3,0.0112204,0.00325932,0.00515858,0.00125,0,300.68180777607404,6,6.46649546175792e-05,0,0,0
500,3,0.00687735,0.0143408,0.00513623,0.00125,0,300.66352806523935,7,0.00011071325175507795,0,0,0
