restart,proposal,best_k_eff_W_mK,accepted_swaps
1,0,0.12185743181780974,0
1,1,0.12185743181780974,0
1,2,0.12185743181780974,0
1,3,0.12396855692145801,1
1,4,0.12420807641972371,2
1,5,0.12420807641972371,2
1,6,0.12420807641972371,2
1,7,0.12420807641972371,2
1,8,0.12420807641972371,2
1,9,0.12469429605344388,3
1,10,0.12469429605344388,3
1,11,0.12469429605344388,3
1,12,0.12484967120538486,4
1,13,0.12484967120538486,4
1,14,0.12484967120538486,4
1,15,0.12484967120538486,4
1,16,0.12484967120538486,4
1,17,0.12484967120538486,4
1,18,0.12484967120538486,4
1,19,0.12484967120538486,4
1,20,0.12484967120538486,4
1,21,0.12484967120538486,4
1,22,0.1249406537445408,5
1,23,0.1249406537445408,5
1,24,0.1249406537445408,5
1,25,0.1249406537445408,5
1,26,0.12535728923196263,6
1,27,0.12535728923196263,6
1,28,0.12535728923196263,6
1,29,0.12535728923196263,6
1,30,0.12535728923196263,6
1,31,0.12535728923196263,6
1,32,0.1256441733725462,7
1,33,0.1256441733725462,7
1,34,0.1256441733725462,7
1,35,0.1256441733725462,7
1,36,0.1256441733725462,7
1,37,0.12644112813943717,8
1,38,0.12644112813943717,8
1,39,0.12794098616642524,9
1,40,0.12794098616642524,9
1,41,0.12794098616642524,9
1,42,0.12794098616642524,9
1,43,0.12794098616642524,9
1,44,0.1281985893797924,10
1,45,0.1281985893797924,10
1,46,0.1281985893797924,10
1,47,0.1281985893797924,10
1,48,0.1281985893797924,10
1,49,0.1281985893797924,10
1,50,0.1281985893797924,10
1,51,0.1281985893797924,10
1,52,0.1281985893797924,10
1,53,0.1281985893797924,10
1,54,0.1281985893797924,10
1,55,0.1281985893797924,10
1,56,0.12824454764245619,11
1,57,0.12824454764245619,11
1,58,0.12824454764245619,11
1,59,0.12824454764245619,11
1,60,0.12824454764245619,11
1,61,0.12824454764245619,11
1,62,0.12824454764245619,11
1,63,0.12824454764245619,11
1,64,0.12824454764245619,11
1,65,0.12824454764245619,11
1,66,0.12824454764245619,11
1,67,0.12824454764245619,11
1,68,0.12824454764245619,11
1,69,0.12824454764245619,11
1,70,0.12824454764245619,11
1,71,0.12824454764245619,11
1,72,0.12824454764245619,11
1,73,0.1307997488182225,12
1,74,0.1307997488182225,12
1,75,0.1307997488182225,12
1,76,0.1307997488182225,12
1,77,0.1307997488182225,12
1,78,0.1307997488182225,12
1,79,0.13088161866885661,13
1,80,0.13088161866885661,13
1,81,0.13088161866885661,13
1,82,0.13088161866885661,13
1,83,0.13088161866885661,13
1,84,0.13088161866885661,13
1,85,0.13088161866885661,13
1,86,0.1314141848306179,14
1,87,0.1314141848306179,14
1,88,0.1314141848306179,14
1,89,0.1314141848306179,14
1,90,0.1314141848306179,14
1,91,0.1314141848306179,14
1,92,0.1314141848306179,14
1,93,0.1314141848306179,14
1,94,0.1314141848306179,14
1,95,0.1314141848306179,14
1,96,0.1314141848306179,14
1,97,0.13176846981326307,15
1,98,0.13176846981326307,15
1,99,0.13176846981326307,15
1,100,0.13176846981326307,15
1,101,0.1324631332264576,16
1,102,0.13256929880813223,17
1,103,0.13256929880813223,17
1,104,0.13256929880813223,17
1,105,0.13256929880813223,17
1,106,0.13256929880813223,17
1,107,0.13256929880813223,17
1,108,0.13256929880813223,17
1,109,0.13256929880813223,17
1,110,0.13256929880813223,17
1,111,0.13256929880813223,17
1,112,0.13256929880813223,17
1,113,0.13256929880813223,17
1,114,0.13256929880813223,17
1,115,0.13256929880813223,17
1,116,0.13256929880813223,17
1,117,0.13307514395562123,18
1,118,0.13307514395562123,18
1,119,0.13307514395562123,18
1,120,0.13307514395562123,18
1,121,0.13307514395562123,18
1,122,0.13307514395562123,18
1,123,0.13348160840631126,19
1,124,0.1358920138149343,20
1,125,0.1358920138149343,20
1,126,0.1358920138149343,20
1,127,0.1358920138149343,20
1,128,0.1358920138149343,20
1,129,0.1358920138149343,20
1,130,0.1358920138149343,20
1,131,0.1358920138149343,20
1,132,0.13612169941324342,21
1,133,0.13612169941324342,21
1,134,0.13612169941324342,21
1,135,0.13612169941324342,21
1,136,0.13612169941324342,21
1,137,0.13612169941324342,21
1,138,0.13612169941324342,21
1,139,0.13612169941324342,21
1,140,0.13612169941324342,21
1,141,0.13612169941324342,21
1,142,0.13612169941324342,21
1,143,0.13612169941324342,21
1,144,0.13612169941324342,21
1,145,0.13612169941324342,21
1,146,0.13612169941324342,21
1,147,0.13612169941324342,21
1,148,0.13612169941324342,21
1,149,0.13612169941324342,21
1,150,0.13612169941324342,21
1,151,0.13612169941324342,21
1,152,0.13612169941324342,21
1,153,0.13612169941324342,21
1,154,0.13612169941324342,21
1,155,0.13612169941324342,21
1,156,0.13612169941324342,21
1,157,0.13612169941324342,21
1,158,0.13612169941324342,21
1,159,0.13612169941324342,21
1,160,0.13612169941324342,21
1,161,0.13612169941324342,21
1,162,0.13612169941324342,21
1,163,0.13652985359239692,22
1,164,0.1369722245506684,23
1,165,0.1369722245506684,23
1,166,0.1369722245506684,23
1,167,0.1369722245506684,23
1,168,0.1369722245506684,23
1,169,0.1369722245506684,23
1,170,0.1369722245506684,23
1,171,0.1369722245506684,23
1,172,0.1369722245506684,23
1,173,0.1369722245506684,23
1,174,0.1369722245506684,23
1,175,0.1369722245506684,23
1,176,0.1369722245506684,23
1,177,0.13713305444157342,24
1,178,0.13713305444157342,24
1,179,0.13713305444157342,24
1,180,0.13713305444157342,24
1,181,0.13713305444157342,24
1,182,0.1371512576491616,25
1,183,0.1371512576491616,25
1,184,0.1371512576491616,25
1,185,0.1371512576491616,25
1,186,0.1371512576491616,25
1,187,0.1371512576491616,25
1,188,0.1371512576491616,25
1,189,0.1371512576491616,25
1,190,0.1371512576491616,25
1,191,0.1371512576491616,25
1,192,0.1371512576491616,25
1,193,0.1371512576491616,25
1,194,0.1371512576491616,25
1,195,0.1371512576491616,25
1,196,0.1371512576491616,25
1,197,0.1371512576491616,25
1,198,0.1371512576491616,25
1,199,0.1371512576491616,25
1,200,0.1371512576491616,25
1,201,0.1371512576491616,25
1,202,0.1371512576491616,25
1,203,0.13762233258257384,26
1,204,0.13762233258257384,26
1,205,0.13787967211248342,27
1,206,0.13850815958907764,28
1,207,0.13850815958907764,28
1,208,0.13850815958907764,28
1,209,0.13850815958907764,28
1,210,0.13850815958907764,28
1,211,0.13850815958907764,28
1,212,0.13850815958907764,28
1,213,0.13850815958907764,28
1,214,0.13850815958907764,28
1,215,0.13850815958907764,28
1,216,0.13850815958907764,28
1,217,0.13850815958907764,28
1,218,0.13850815958907764,28
1,219,0.13850815958907764,28
1,220,0.13850815958907764,28
1,221,0.13850815958907764,28
1,222,0.13850815958907764,28
1,223,0.13850815958907764,28
1,224,0.13850815958907764,28
1,225,0.13850815958907764,28
1,226,0.13850815958907764,28
1,227,0.13850815958907764,28
1,228,0.13850815958907764,28
1,229,0.13850815958907764,28
1,230,0.13850815958907764,28
1,231,0.13850815958907764,28
1,232,0.13850815958907764,28
1,233,0.13850815958907764,28
1,234,0.13850815958907764,28
1,235,0.13850815958907764,28
1,236,0.13850815958907764,28
1,237,0.13850815958907764,28
1,238,0.13850815958907764,28
1,239,0.13850815958907764,28
1,240,0.13850815958907764,28
1,241,0.13850815958907764,28
1,242,0.13850815958907764,28
1,243,0.13850815958907764,28
1,244,0.13850815958907764,28
1,245,0.13850815958907764,28
1,246,0.13850815958907764,28
1,247,0.13850815958907764,28
1,248,0.13850815958907764,28
1,249,0.13850815958907764,28
1,250,0.13850815958907764,28
1,251,0.13850815958907764,28
1,252,0.13850815958907764,28
1,253,0.13850815958907764,28
1,254,0.13850815958907764,28
1,255,0.13850815958907764,28
1,256,0.13850815958907764,28
1,257,0.13850815958907764,28
1,258,0.13850815958907764,28
1,259,0.13850815958907764,28
1,260,0.13850815958907764,28
1,261,0.13850815958907764,28
1,262,0.13850815958907764,28
1,263,0.13850815958907764,28
1,264,0.13850815958907764,28
1,265,0.13850815958907764,28
1,266,0.13853159866914225,29
1,267,0.13853159866914225,29
1,268,0.13853159866914225,29
1,269,0.13853159866914225,29
1,270,0.13853159866914225,29
1,271,0.13853159866914225,29
1,272,0.13853159866914225,29
1,273,0.13853159866914225,29
1,274,0.13853159866914225,29
1,275,0.13853159866914225,29
1,276,0.13853159866914225,29
1,277,0.13853159866914225,29
1,278,0.13896867850265676,30
1,279,0.13896867850265676,30
1,280,0.13896867850265676,30
1,281,0.13896867850265676,30
1,282,0.13896867850265676,30
1,283,0.13896867850265676,30
1,284,0.13896867850265676,30
1,285,0.13896867850265676,30
1,286,0.13896867850265676,30
1,287,0.13896867850265676,30
1,288,0.13896867850265676,30
1,289,0.13896867850265676,30
1,290,0.13896867850265676,30
1,291,0.13896867850265676,30
1,292,0.13896867850265676,30
1,293,0.13896867850265676,30
1,294,0.13965534247162642,31
1,295,0.13965534247162642,31
1,296,0.13965534247162642,31
1,297,0.13965534247162642,31
1,298,0.13988898831821114,32
1,299,0.13988898831821114,32
1,300,0.13988898831821114,32
1,301,0.13988898831821114,32
1,302,0.13988898831821114,32
1,303,0.13988898831821114,32
1,304,0.13988898831821114,32
1,305,0.13988898831821114,32
1,306,0.13988898831821114,32
1,307,0.13988898831821114,32
1,308,0.13988898831821114,32
1,309,0.13988898831821114,32
1,310,0.13988898831821114,32
1,311,0.13988898831821114,32
1,312,0.13988898831821114,32
1,313,0.13988898831821114,32
1,314,0.13988898831821114,32
1,315,0.13988898831821114,32
1,316,0.14008394639827768,33
1,317,0.140455356999291,34
1,318,0.140455356999291,34
1,319,0.140455356999291,34
1,320,0.140455356999291,34
1,321,0.140455356999291,34
1,322,0.140455356999291,34
1,323,0.140455356999291,34
1,324,0.140455356999291,34
1,325,0.140455356999291,34
1,326,0.140455356999291,34
1,327,0.1458933247498861,35
1,328,0.1458933247498861,35
1,329,0.1458933247498861,35
1,330,0.1458933247498861,35
1,331,0.1458933247498861,35
1,332,0.1458933247498861,35
1,333,0.1458933247498861,35
1,334,0.14717604568386292,36
1,335,0.14717604568386292,36
1,336,0.14717604568386292,36
1,337,0.14717604568386292,36
1,338,0.14717604568386292,36
1,339,0.14717604568386292,36
1,340,0.14717604568386292,36
1,341,0.14717604568386292,36
1,342,0.14717604568386292,36
1,343,0.14717604568386292,36
1,344,0.14717604568386292,36
1,345,0.14717604568386292,36
1,346,0.14717604568386292,36
1,347,0.14717604568386292,36
1,348,0.14717604568386292,36
1,349,0.14717604568386292,36
1,350,0.14717604568386292,36
1,351,0.14717604568386292,36
1,352,0.14717604568386292,36
1,353,0.14717604568386292,36
1,354,0.14717604568386292,36
1,355,0.14717604568386292,36
1,356,0.14717604568386292,36
1,357,0.14717604568386292,36
1,358,0.14717604568386292,36
1,359,0.14717604568386292,36
1,360,0.14717604568386292,36
1,361,0.14717604568386292,36
1,362,0.14728285765326685,37
1,363,0.14728285765326685,37
1,364,0.14728285765326685,37
1,365,0.14728285765326685,37
1,366,0.14728285765326685,37
1,367,0.14851628662020908,38
1,368,0.14851628662020908,38
1,369,0.14891734810925641,39
1,370,0.14891734810925641,39
1,371,0.14891734810925641,39
1,372,0.14891734810925641,39
1,373,0.14891734810925641,39
1,374,0.14891734810925641,39
1,375,0.1490306462279545,40
1,376,0.1490306462279545,40
1,377,0.1490306462279545,40
1,378,0.1490306462279545,40
1,379,0.1490306462279545,40
1,380,0.1490306462279545,40
1,381,0.15029854133436069,41
1,382,0.15029854133436069,41
1,383,0.15029854133436069,41
1,384,0.15029854133436069,41
1,385,0.15029854133436069,41
1,386,0.15029854133436069,41
1,387,0.15029854133436069,41
1,388,0.15032999278786563,42
1,389,0.15032999278786563,42
1,390,0.15032999278786563,42
1,391,0.15032999278786563,42
1,392,0.15032999278786563,42
1,393,0.15032999278786563,42
1,394,0.15032999278786563,42
1,395,0.15032999278786563,42
1,396,0.15032999278786563,42
1,397,0.15032999278786563,42
1,398,0.15256796571378414,43
1,399,0.15256796571378414,43
1,400,0.15256796571378414,43
2,0,0.12185743181780974,0
2,1,0.12185743181780974,0
2,2,0.12191184830146484,1
2,3,0.12191184830146484,1
2,4,0.12191184830146484,1
2,5,0.12237659380693744,2
2,6,0.12237659380693744,2
2,7,0.12237659380693744,2
2,8,0.12237659380693744,2
2,9,0.12237659380693744,2
2,10,0.12237659380693744,2
2,11,0.12237659380693744,2
2,12,0.12237659380693744,2
2,13,0.12237659380693744,2
2,14,0.12237659380693744,2
2,15,0.12237659380693744,2
2,16,0.1223779889038682,3
2,17,0.1223779889038682,3
2,18,0.1223779889038682,3
2,19,0.1223779889038682,3
2,20,0.1223779889038682,3
2,21,0.1223779889038682,3
2,22,0.1223779889038682,3
2,23,0.1223779889038682,3
2,24,0.1223779889038682,3
2,25,0.1223779889038682,3
2,26,0.1223779889038682,3
2,27,0.1223779889038682,3
2,28,0.1223779889038682,3
2,29,0.12267118230217419,4
2,30,0.12267118230217419,4
2,31,0.12267118230217419,4
2,32,0.12267118230217419,4
2,33,0.12267118230217419,4
2,34,0.12267118230217419,4
2,35,0.12267118230217419,4
2,36,0.12267118230217419,4
2,37,0.12464890450394227,5
2,38,0.12464890450394227,5
2,39,0.12464890450394227,5
2,40,0.12464890450394227,5
2,41,0.12464890450394227,5
2,42,0.12464890450394227,5
2,43,0.12464890450394227,5
2,44,0.12464890450394227,5
2,45,0.12464890450394227,5
2,46,0.12464890450394227,5
2,47,0.12464890450394227,5
2,48,0.12464890450394227,5
2,49,0.12464890450394227,5
2,50,0.12464890450394227,5
2,51,0.1255709992138805,6
2,52,0.1255709992138805,6
2,53,0.1255709992138805,6
2,54,0.1255709992138805,6
2,55,0.1255709992138805,6
2,56,0.1255709992138805,6
2,57,0.1255709992138805,6
2,58,0.1255709992138805,6
2,59,0.1255709992138805,6
2,60,0.1255709992138805,6
2,61,0.126855489862781,7
2,62,0.12689472993336526,8
2,63,0.12689472993336526,8
2,64,0.12689472993336526,8
2,65,0.12689472993336526,8
2,66,0.12689472993336526,8
2,67,0.12689472993336526,8
2,68,0.12689472993336526,8
2,69,0.12689472993336526,8
2,70,0.12758469299676164,9
2,71,0.12758469299676164,9
2,72,0.12758469299676164,9
2,73,0.12758469299676164,9
2,74,0.12758469299676164,9
2,75,0.12758469299676164,9
2,76,0.12758469299676164,9
2,77,0.12758469299676164,9
2,78,0.12758469299676164,9
2,79,0.12761378187053507,10
2,80,0.12761378187053507,10
2,81,0.12761378187053507,10
2,82,0.12761378187053507,10
2,83,0.12761378187053507,10
2,84,0.12761378187053507,10
2,85,0.12761378187053507,10
2,86,0.12762421651410943,11
2,87,0.1280833585600553,12
2,88,0.1280833585600553,12
2,89,0.1280833585600553,12
2,90,0.1280833585600553,12
2,91,0.1280833585600553,12
2,92,0.1280833585600553,12
2,93,0.1280833585600553,12
2,94,0.1280833585600553,12
2,95,0.1280833585600553,12
2,96,0.1280833585600553,12
2,97,0.1280833585600553,12
2,98,0.1280833585600553,12
2,99,0.1280833585600553,12
2,100,0.1280833585600553,12
2,101,0.1280833585600553,12
2,102,0.1280833585600553,12
2,103,0.1280833585600553,12
2,104,0.12915459080438751,13
2,105,0.12915459080438751,13
2,106,0.12915459080438751,13
2,107,0.12920067729500562,14
2,108,0.12920067729500562,14
2,109,0.12920067729500562,14
2,110,0.12920067729500562,14
2,111,0.12920067729500562,14
2,112,0.12920067729500562,14
2,113,0.12920067729500562,14
2,114,0.12920067729500562,14
2,115,0.12920067729500562,14
2,116,0.12920067729500562,14
2,117,0.12957016577073455,15
2,118,0.12957016577073455,15
2,119,0.12957016577073455,15
2,120,0.12957016577073455,15
2,121,0.12984525025061505,16
2,122,0.12984525025061505,16
2,123,0.13018966411223698,17
2,124,0.13018966411223698,17
2,125,0.13018966411223698,17
2,126,0.13018966411223698,17
2,127,0.13018966411223698,17
2,128,0.13018966411223698,17
2,129,0.13018966411223698,17
2,130,0.13018966411223698,17
2,131,0.13018966411223698,17
2,132,0.13018966411223698,17
2,133,0.13241041952387517,18
2,134,0.13241041952387517,18
2,135,0.13241041952387517,18
2,136,0.13241041952387517,18
2,137,0.13241041952387517,18
2,138,0.1324200176734079,19
2,139,0.1324200176734079,19
2,140,0.1324200176734079,19
2,141,0.1324200176734079,19
2,142,0.1324200176734079,19
2,143,0.1324200176734079,19
2,144,0.1324258620890657,20
2,145,0.1324258620890657,20
2,146,0.1324258620890657,20
2,147,0.1324258620890657,20
2,148,0.1324258620890657,20
2,149,0.13283289372781198,21
2,150,0.13284961843248932,22
2,151,0.13284961843248932,22
2,152,0.13284961843248932,22
2,153,0.13284961843248932,22
2,154,0.13284961843248932,22
2,155,0.13284961843248932,22
2,156,0.13284961843248932,22
2,157,0.13284961843248932,22
2,158,0.13284961843248932,22
2,159,0.13284961843248932,22
2,160,0.13284961843248932,22
2,161,0.13284961843248932,22
2,162,0.13284961843248932,22
2,163,0.13284961843248932,22
2,164,0.13284961843248932,22
2,165,0.13284961843248932,22
2,166,0.13284961843248932,22
2,167,0.13284961843248932,22
2,168,0.13284961843248932,22
2,169,0.13284961843248932,22
2,170,0.13284961843248932,22
2,171,0.13284961843248932,22
2,172,0.13284961843248932,22
2,173,0.13284961843248932,22
2,174,0.13284961843248932,22
2,175,0.13284961843248932,22
2,176,0.13284961843248932,22
2,177,0.13284961843248932,22
2,178,0.13284961843248932,22
2,179,0.13284961843248932,22
2,180,0.13284961843248932,22
2,181,0.1328962893195451,23
2,182,0.1328962893195451,23
2,183,0.1328962893195451,23
2,184,0.1328962893195451,23
2,185,0.1328962893195451,23
2,186,0.1328962893195451,23
2,187,0.1328962893195451,23
2,188,0.1328962893195451,23
2,189,0.1328962893195451,23
2,190,0.1328962893195451,23
2,191,0.1328962893195451,23
2,192,0.1328962893195451,23
2,193,0.1328962893195451,23
2,194,0.1328962893195451,23
2,195,0.1328962893195451,23
2,196,0.1328962893195451,23
2,197,0.1328962893195451,23
2,198,0.1328962893195451,23
2,199,0.1328962893195451,23
2,200,0.1328962893195451,23
2,201,0.1328962893195451,23
2,202,0.1328962893195451,23
2,203,0.1328962893195451,23
2,204,0.1328962893195451,23
2,205,0.1328962893195451,23
2,206,0.1328962893195451,23
2,207,0.1328962893195451,23
2,208,0.1328962893195451,23
2,209,0.1328962893195451,23
2,210,0.1335710611964407,24
2,211,0.1335710611964407,24
2,212,0.1335710611964407,24
2,213,0.1335710611964407,24
2,214,0.1335710611964407,24
2,215,0.1335710611964407,24
2,216,0.1335710611964407,24
2,217,0.1335710611964407,24
2,218,0.1335710611964407,24
2,219,0.1335710611964407,24
2,220,0.1335710611964407,24
2,221,0.1339393224738416,25
2,222,0.1339393224738416,25
2,223,0.1339393224738416,25
2,224,0.1339393224738416,25
2,225,0.1339393224738416,25
2,226,0.1339477082906478,26
2,227,0.13412502562726225,27
2,228,0.13412502562726225,27
2,229,0.13412502562726225,27
2,230,0.13412502562726225,27
2,231,0.13412502562726225,27
2,232,0.13440460316740202,28
2,233,0.13440460316740202,28
2,234,0.13440460316740202,28
2,235,0.13440460316740202,28
2,236,0.13457125923682373,29
2,237,0.13457125923682373,29
2,238,0.13576370601538873,30
2,239,0.13576370601538873,30
2,240,0.13576370601538873,30
2,241,0.13636935344473194,31
2,242,0.13636935344473194,31
2,243,0.13636935344473194,31
2,244,0.13636935344473194,31
2,245,0.13636935344473194,31
2,246,0.13636935344473194,31
2,247,0.13636935344473194,31
2,248,0.13636935344473194,31
2,249,0.13636935344473194,31
2,250,0.13636935344473194,31
2,251,0.13636935344473194,31
2,252,0.13636935344473194,31
2,253,0.13636935344473194,31
2,254,0.13636935344473194,31
2,255,0.13636935344473194,31
2,256,0.13636935344473194,31
2,257,0.13638811941390727,32
2,258,0.13638811941390727,32
2,259,0.13638811941390727,32
2,260,0.13638811941390727,32
2,261,0.13638811941390727,32
2,262,0.13638811941390727,32
2,263,0.13638811941390727,32
2,264,0.13638811941390727,32
2,265,0.13638811941390727,32
2,266,0.13638811941390727,32
2,267,0.13638811941390727,32
2,268,0.13638811941390727,32
2,269,0.13638811941390727,32
2,270,0.13638811941390727,32
2,271,0.13638811941390727,32
2,272,0.13638811941390727,32
2,273,0.13638811941390727,32
2,274,0.13645406227174803,33
2,275,0.13645406227174803,33
2,276,0.13645406227174803,33
2,277,0.13645406227174803,33
2,278,0.13645406227174803,33
2,279,0.13645406227174803,33
2,280,0.13645406227174803,33
2,281,0.13645406227174803,33
2,282,0.13824625013150402,34
2,283,0.13824625013150402,34
2,284,0.13824625013150402,34
2,285,0.13824625013150402,34
2,286,0.13824625013150402,34
2,287,0.13824625013150402,34
2,288,0.13824625013150402,34
2,289,0.13824625013150402,34
2,290,0.13824625013150402,34
2,291,0.13824625013150402,34
2,292,0.13824625013150402,34
2,293,0.13824625013150402,34
2,294,0.13824625013150402,34
2,295,0.13824625013150402,34
2,296,0.13824625013150402,34
2,297,0.13824625013150402,34
2,298,0.13824625013150402,34
2,299,0.13824625013150402,34
2,300,0.13824625013150402,34
2,301,0.13824625013150402,34
2,302,0.13824625013150402,34
2,303,0.13824625013150402,34
2,304,0.13824625013150402,34
2,305,0.13824625013150402,34
2,306,0.13824625013150402,34
2,307,0.13824625013150402,34
2,308,0.13824625013150402,34
2,309,0.13824625013150402,34
2,310,0.13824625013150402,34
2,311,0.13824625013150402,34
2,312,0.13824625013150402,34
2,313,0.13824625013150402,34
2,314,0.13824625013150402,34
2,315,0.13824625013150402,34
2,316,0.13824625013150402,34
2,317,0.13831654959072484,35
2,318,0.13831654959072484,35
2,319,0.13831654959072484,35
2,320,0.13831654959072484,35
2,321,0.13831654959072484,35
2,322,0.13831654959072484,35
2,323,0.13831654959072484,35
2,324,0.13831654959072484,35
2,325,0.13831654959072484,35
2,326,0.13831654959072484,35
2,327,0.13831654959072484,35
2,328,0.13831654959072484,35
2,329,0.13831654959072484,35
2,330,0.13831654959072484,35
2,331,0.13831654959072484,35
2,332,0.13831654959072484,35
2,333,0.13831654959072484,35
2,334,0.13831654959072484,35
2,335,0.13831654959072484,35
2,336,0.13831654959072484,35
2,337,0.13831654959072484,35
2,338,0.13831654959072484,35
2,339,0.13831654959072484,35
2,340,0.13831654959072484,35
2,341,0.13831654959072484,35
2,342,0.13831654959072484,35
2,343,0.13831654959072484,35
2,344,0.13831654959072484,35
2,345,0.13831654959072484,35
2,346,0.13831654959072484,35
2,347,0.13831654959072484,35
2,348,0.13831654959072484,35
2,349,0.13831654959072484,35
2,350,0.13831654959072484,35
2,351,0.13831654959072484,35
2,352,0.13831654959072484,35
2,353,0.13831654959072484,35
2,354,0.13831654959072484,35
2,355,0.13831654959072484,35
2,356,0.13831654959072484,35
2,357,0.13831654959072484,35
2,358,0.13831654959072484,35
2,359,0.13831654959072484,35
2,360,0.13831654959072484,35
2,361,0.13831654959072484,35
2,362,0.13831654959072484,35
2,363,0.13831654959072484,35
2,364,0.13831654959072484,35
2,365,0.13831654959072484,35
2,366,0.13831654959072484,35
2,367,0.13831654959072484,35
2,368,0.13831654959072484,35
2,369,0.13831654959072484,35
2,370,0.13831654959072484,35
2,371,0.13831654959072484,35
2,372,0.13831654959072484,35
2,373,0.13831654959072484,35
2,374,0.13831654959072484,35
2,375,0.14003569667810706,36
2,376,0.14003569667810706,36
2,377,0.14155487571311234,37
2,378,0.14155487571311234,37
2,379,0.14155487571311234,37
2,380,0.14167481678034924,38
2,381,0.14167481678034924,38
2,382,0.14167481678034924,38
2,383,0.14167481678034924,38
2,384,0.14167481678034924,38
2,385,0.14167481678034924,38
2,386,0.14167481678034924,38
2,387,0.14167481678034924,38
2,388,0.14167481678034924,38
2,389,0.14167481678034924,38
2,390,0.14167481678034924,38
2,391,0.14177835497664806,39
2,392,0.14177835497664806,39
2,393,0.14245793983554492,40
2,394,0.14245793983554492,40
2,395,0.14245793983554492,40
2,396,0.14245793983554492,40
2,397,0.14245793983554492,40
2,398,0.14245793983554492,40
2,399,0.14245793983554492,40
2,400,0.14245793983554492,40
3,0,0.12185743181780974,0
3,1,0.12185743181780974,0
3,2,0.12185743181780974,0
3,3,0.12185743181780974,0
3,4,0.12185743181780974,0
3,5,0.12185743181780974,0
3,6,0.1218575638027636,1
3,7,0.1218575638027636,1
3,8,0.12228347808478122,2
3,9,0.12228347808478122,2
3,10,0.12228347808478122,2
3,11,0.12234404263156523,3
3,12,0.12234404263156523,3
3,13,0.12234404263156523,3
3,14,0.12234404263156523,3
3,15,0.12234404263156523,3
3,16,0.12234404263156523,3
3,17,0.12234404263156523,3
3,18,0.12234404263156523,3
3,19,0.12234404263156523,3
3,20,0.12234404263156523,3
3,21,0.12234404263156523,3
3,22,0.12234404263156523,3
3,23,0.12234404263156523,3
3,24,0.12234404263156523,3
3,25,0.12234404263156523,3
3,26,0.12234404263156523,3
3,27,0.12234404263156523,3
3,28,0.12234404263156523,3
3,29,0.12234404263156523,3
3,30,0.12234404263156523,3
3,31,0.12234404263156523,3
3,32,0.12234404263156523,3
3,33,0.12234404263156523,3
3,34,0.12234404263156523,3
3,35,0.12234404263156523,3
3,36,0.12234404263156523,3
3,37,0.12234404263156523,3
3,38,0.12234404263156523,3
3,39,0.12234404263156523,3
3,40,0.12234404263156523,3
3,41,0.1224422189422426,4
3,42,0.1224422189422426,4
3,43,0.1240661455358315,5
3,44,0.1240661455358315,5
3,45,0.1240661455358315,5
3,46,0.1240661455358315,5
3,47,0.1240661455358315,5
3,48,0.1240661455358315,5
3,49,0.1240661455358315,5
3,50,0.1240661455358315,5
3,51,0.1240661455358315,5
3,52,0.1240661455358315,5
3,53,0.1240661455358315,5
3,54,0.12422232471109068,6
3,55,0.12460745264251419,7
3,56,0.12460745264251419,7
3,57,0.12460745264251419,7
3,58,0.1247373945234137,8
3,59,0.1247373945234137,8
3,60,0.1247373945234137,8
3,61,0.1247373945234137,8
3,62,0.1247373945234137,8
3,63,0.1247373945234137,8
3,64,0.1247373945234137,8
3,65,0.1247373945234137,8
3,66,0.1247373945234137,8
3,67,0.1247373945234137,8
3,68,0.1247373945234137,8
3,69,0.1247373945234137,8
3,70,0.1247373945234137,8
3,71,0.1247373945234137,8
3,72,0.1247373945234137,8
3,73,0.1247373945234137,8
3,74,0.1247373945234137,8
3,75,0.12496074047786007,9
3,76,0.12496074047786007,9
3,77,0.12496074047786007,9
3,78,0.12496074047786007,9
3,79,0.12496074047786007,9
3,80,0.12508881406725608,10
3,81,0.12508881406725608,10
3,82,0.12541619869362458,11
3,83,0.12776618853394925,12
3,84,0.12776618853394925,12
3,85,0.12795384593166156,13
3,86,0.12795384593166156,13
3,87,0.12795384593166156,13
3,88,0.12795384593166156,13
3,89,0.12795946415451498,14
3,90,0.12853854337319673,15
3,91,0.12886075050131843,16
3,92,0.12886075050131843,16
3,93,0.13072947290453088,17
3,94,0.13072947290453088,17
3,95,0.13072947290453088,17
3,96,0.13072947290453088,17
3,97,0.1308444706608463,18
3,98,0.1308444706608463,18
3,99,0.1308444706608463,18
3,100,0.1308444706608463,18
3,101,0.1308444706608463,18
3,102,0.1308444706608463,18
3,103,0.1308444706608463,18
3,104,0.1308444706608463,18
3,105,0.1308444706608463,18
3,106,0.1308444706608463,18
3,107,0.1308444706608463,18
3,108,0.1308444706608463,18
3,109,0.1308444706608463,18
3,110,0.1308444706608463,18
3,111,0.1308444706608463,18
3,112,0.1308444706608463,18
3,113,0.1308444706608463,18
3,114,0.1308444706608463,18
3,115,0.1308444706608463,18
3,116,0.1308444706608463,18
3,117,0.1308444706608463,18
3,118,0.1308444706608463,18
3,119,0.1308444706608463,18
3,120,0.1308444706608463,18
3,121,0.1308444706608463,18
3,122,0.1308444706608463,18
3,123,0.1308444706608463,18
3,124,0.13121814321996206,19
3,125,0.13121814321996206,19
3,126,0.13121814321996206,19
3,127,0.13147395756015393,20
3,128,0.13147395756015393,20
3,129,0.13147395756015393,20
3,130,0.13147395756015393,20
3,131,0.13147395756015393,20
3,132,0.13147395756015393,20
3,133,0.13165186367713602,21
3,134,0.13165186367713602,21
3,135,0.1325442341475662,22
3,136,0.1325442341475662,22
3,137,0.1325442341475662,22
3,138,0.1325442341475662,22
3,139,0.1325442341475662,22
3,140,0.1325442341475662,22
3,141,0.1325442341475662,22
3,142,0.1325442341475662,22
3,143,0.1325442341475662,22
3,144,0.1325442341475662,22
3,145,0.1325442341475662,22
3,146,0.1325442341475662,22
3,147,0.1325442341475662,22
3,148,0.1325442341475662,22
3,149,0.1325442341475662,22
3,150,0.1325442341475662,22
3,151,0.1325442341475662,22
3,152,0.1325442341475662,22
3,153,0.1325442341475662,22
3,154,0.1325442341475662,22
3,155,0.1325442341475662,22
3,156,0.1325442341475662,22
3,157,0.1325442341475662,22
3,158,0.1325442341475662,22
3,159,0.1325442341475662,22
3,160,0.1325442341475662,22
3,161,0.1325442341475662,22
3,162,0.13258994979573405,23
3,163,0.13258994979573405,23
3,164,0.13258994979573405,23
3,165,0.13258994979573405,23
3,166,0.13258994979573405,23
3,167,0.13258994979573405,23
3,168,0.13258994979573405,23
3,169,0.13258994979573405,23
3,170,0.13258994979573405,23
3,171,0.13258994979573405,23
3,172,0.13258994979573405,23
3,173,0.13258994979573405,23
3,174,0.13446396978990505,24
3,175,0.13446396978990505,24
3,176,0.13446396978990505,24
3,177,0.13446396978990505,24
3,178,0.13446396978990505,24
3,179,0.1344927625200541,25
3,180,0.1344927625200541,25
3,181,0.1344927625200541,25
3,182,0.1344927625200541,25
3,183,0.1344927625200541,25
3,184,0.1344927625200541,25
3,185,0.1344927625200541,25
3,186,0.1344927625200541,25
3,187,0.1344927625200541,25
3,188,0.1344927625200541,25
3,189,0.1344927625200541,25
3,190,0.1344927625200541,25
3,191,0.1344927625200541,25
3,192,0.1344927625200541,25
3,193,0.13490752848248025,26
3,194,0.13490752848248025,26
3,195,0.13490752848248025,26
3,196,0.13490752848248025,26
3,197,0.13490752848248025,26
3,198,0.13490752848248025,26
3,199,0.13490752848248025,26
3,200,0.13490752848248025,26
3,201,0.13490752848248025,26
3,202,0.13490752848248025,26
3,203,0.13490752848248025,26
3,204,0.13490752848248025,26
3,205,0.13490752848248025,26
3,206,0.13490752848248025,26
3,207,0.13490752848248025,26
3,208,0.13516311021494834,27
3,209,0.13516311021494834,27
3,210,0.13516311021494834,27
3,211,0.13516311021494834,27
3,212,0.13516311021494834,27
3,213,0.13516311021494834,27
3,214,0.13516311021494834,27
3,215,0.13516311021494834,27
3,216,0.13516311021494834,27
3,217,0.13516311021494834,27
3,218,0.13516311021494834,27
3,219,0.13516311021494834,27
3,220,0.13516311021494834,27
3,221,0.13516311021494834,27
3,222,0.13516311021494834,27
3,223,0.1353379312789494,28
3,224,0.1353379312789494,28
3,225,0.1353379312789494,28
3,226,0.1353379312789494,28
3,227,0.1353379312789494,28
3,228,0.1353379312789494,28
3,229,0.1353379312789494,28
3,230,0.1353379312789494,28
3,231,0.1353379312789494,28
3,232,0.1353379312789494,28
3,233,0.1353379312789494,28
3,234,0.1353379312789494,28
3,235,0.1353379312789494,28
3,236,0.13569225635344073,29
3,237,0.13569225635344073,29
3,238,0.13569225635344073,29
3,239,0.13569225635344073,29
3,240,0.13569225635344073,29
3,241,0.13569225635344073,29
3,242,0.13585317392089435,30
3,243,0.13683896348067034,31
3,244,0.13683896348067034,31
3,245,0.13683896348067034,31
3,246,0.13683896348067034,31
3,247,0.13683896348067034,31
3,248,0.13683896348067034,31
3,249,0.13683896348067034,31
3,250,0.13683896348067034,31
3,251,0.13683896348067034,31
3,252,0.13683896348067034,31
3,253,0.13683896348067034,31
3,254,0.13683896348067034,31
3,255,0.13683896348067034,31
3,256,0.13683896348067034,31
3,257,0.13683896348067034,31
3,258,0.13683896348067034,31
3,259,0.13683896348067034,31
3,260,0.13683896348067034,31
3,261,0.13683896348067034,31
3,262,0.13683896348067034,31
3,263,0.13683896348067034,31
3,264,0.13683896348067034,31
3,265,0.13683896348067034,31
3,266,0.13683896348067034,31
3,267,0.13683896348067034,31
3,268,0.13683896348067034,31
3,269,0.13683896348067034,31
3,270,0.13683896348067034,31
3,271,0.13683896348067034,31
3,272,0.13683896348067034,31
3,273,0.13683896348067034,31
3,274,0.13683896348067034,31
3,275,0.1370812067158432,32
3,276,0.1370812067158432,32
3,277,0.1370812067158432,32
3,278,0.1370812067158432,32
3,279,0.1370812067158432,32
3,280,0.1370812067158432,32
3,281,0.1370812067158432,32
3,282,0.1370812067158432,32
3,283,0.1370812067158432,32
3,284,0.1370812067158432,32
3,285,0.1370812067158432,32
3,286,0.1370812067158432,32
3,287,0.1370812067158432,32
3,288,0.1370812067158432,32
3,289,0.1370812067158432,32
3,290,0.13733661224343366,33
3,291,0.13733661224343366,33
3,292,0.13757764671327957,34
3,293,0.13757764671327957,34
3,294,0.13757764671327957,34
3,295,0.13757764671327957,34
3,296,0.13774174397609765,35
3,297,0.13774174397609765,35
3,298,0.13774174397609765,35
3,299,0.13774174397609765,35
3,300,0.13774174397609765,35
3,301,0.13774174397609765,35
3,302,0.13880507703145836,36
3,303,0.13880507703145836,36
3,304,0.13880507703145836,36
3,305,0.13880507703145836,36
3,306,0.13888565823122923,37
3,307,0.13888565823122923,37
3,308,0.13888565823122923,37
3,309,0.13888565823122923,37
3,310,0.13888565823122923,37
3,311,0.13888565823122923,37
3,312,0.13888565823122923,37
3,313,0.13888565823122923,37
3,314,0.13888565823122923,37
3,315,0.13888565823122923,37
3,316,0.13888565823122923,37
3,317,0.13888565823122923,37
3,318,0.13888565823122923,37
3,319,0.13888565823122923,37
3,320,0.13888565823122923,37
3,321,0.13888565823122923,37
3,322,0.13888565823122923,37
3,323,0.13888565823122923,37
3,324,0.13906997396706527,38
3,325,0.13906997396706527,38
3,326,0.13906997396706527,38
3,327,0.13906997396706527,38
3,328,0.13906997396706527,38
3,329,0.13906997396706527,38
3,330,0.13906997396706527,38
3,331,0.13906997396706527,38
3,332,0.13906997396706527,38
3,333,0.13906997396706527,38
3,334,0.13906997396706527,38
3,335,0.13906997396706527,38
3,336,0.13906997396706527,38
3,337,0.13906997396706527,38
3,338,0.13906997396706527,38
3,339,0.13906997396706527,38
3,340,0.13906997396706527,38
3,341,0.13906997396706527,38
3,342,0.13906997396706527,38
3,343,0.13906997396706527,38
3,344,0.13906997396706527,38
3,345,0.13906997396706527,38
3,346,0.13906997396706527,38
3,347,0.13906997396706527,38
3,348,0.13906997396706527,38
3,349,0.13906997396706527,38
3,350,0.13906997396706527,38
3,351,0.13906997396706527,38
3,352,0.13915077769006515,39
3,353,0.13915077769006515,39
3,354,0.13915077769006515,39
3,355,0.13915077769006515,39
3,356,0.13915077769006515,39
3,357,0.13915077769006515,39
3,358,0.13915077769006515,39
3,359,0.13915077769006515,39
3,360,0.13915077769006515,39
3,361,0.13915077769006515,39
3,362,0.13915077769006515,39
3,363,0.13915077769006515,39
3,364,0.13915077769006515,39
3,365,0.13915077769006515,39
3,366,0.13915077769006515,39
3,367,0.13915077769006515,39
3,368,0.13915077769006515,39
3,369,0.13915077769006515,39
3,370,0.13915077769006515,39
3,371,0.13915077769006515,39
3,372,0.13915077769006515,39
3,373,0.13915077769006515,39
3,374,0.13915077769006515,39
3,375,0.13915077769006515,39
3,376,0.13915077769006515,39
3,377,0.13915077769006515,39
3,378,0.13915077769006515,39
3,379,0.13915077769006515,39
3,380,0.13915077769006515,39
3,381,0.13915077769006515,39
3,382,0.13915077769006515,39
3,383,0.13915077769006515,39
3,384,0.13915077769006515,39
3,385,0.13915077769006515,39
3,386,0.13915077769006515,39
3,387,0.13915077769006515,39
3,388,0.13915077769006515,39
3,389,0.13915077769006515,39
3,390,0.13915077769006515,39
3,391,0.13915077769006515,39
3,392,0.13915077769006515,39
3,393,0.13915077769006515,39
3,394,0.13915077769006515,39
3,395,0.13915077769006515,39
3,396,0.13915077769006515,39
3,397,0.13915077769006515,39
3,398,0.13915077769006515,39
3,399,0.13915077769006515,39
3,400,0.13967147140247185,40
4,0,0.12185743181780974,0
4,1,0.12185743181780974,0
4,2,0.12185743181780974,0
4,3,0.12185743181780974,0
4,4,0.12185743181780974,0
4,5,0.12185743181780974,0
4,6,0.12185743181780974,0
4,7,0.12185743181780974,0
4,8,0.12185743181780974,0
4,9,0.12192521049515635,1
4,10,0.12192521049515635,1
4,11,0.12261931915921802,2
4,12,0.12261931915921802,2
4,13,0.12261931915921802,2
4,14,0.12261931915921802,2
4,15,0.12261931915921802,2
4,16,0.12261931915921802,2
4,17,0.122949243862814,3
4,18,0.122949243862814,3
4,19,0.122949243862814,3
4,20,0.122949243862814,3
4,21,0.122949243862814,3
4,22,0.12307769326373942,4
4,23,0.12307769326373942,4
4,24,0.12307769326373942,4
4,25,0.12307769326373942,4
4,26,0.12307769326373942,4
4,27,0.12307769326373942,4
4,28,0.1251940898570383,5
4,29,0.12531865226455688,6
4,30,0.12531865226455688,6
4,31,0.12531865226455688,6
4,32,0.12531865226455688,6
4,33,0.12531865226455688,6
4,34,0.12531865226455688,6
4,35,0.12549132226251994,7
4,36,0.12578848720239355,8
4,37,0.12578848720239355,8
4,38,0.12578848720239355,8
4,39,0.12578848720239355,8
4,40,0.12578848720239355,8
4,41,0.12578848720239355,8
4,42,0.12578848720239355,8
4,43,0.12578848720239355,8
4,44,0.12578848720239355,8
4,45,0.12578848720239355,8
4,46,0.12578848720239355,8
4,47,0.12578848720239355,8
4,48,0.1259285527555322,9
4,49,0.12763225566974767,10
4,50,0.12763225566974767,10
4,51,0.12763225566974767,10
4,52,0.12763225566974767,10
4,53,0.12763225566974767,10
4,54,0.12763225566974767,10
4,55,0.12763225566974767,10
4,56,0.12763225566974767,10
4,57,0.12769314542673574,11
4,58,0.12769314542673574,11
4,59,0.12769314542673574,11
4,60,0.12769314542673574,11
4,61,0.12779644186637928,12
4,62,0.12781881634345826,13
4,63,0.12781881634345826,13
4,64,0.12781881634345826,13
4,65,0.12781881634345826,13
4,66,0.12781881634345826,13
4,67,0.12781881634345826,13
4,68,0.12783480328345942,14
4,69,0.12783480328345942,14
4,70,0.12783480328345942,14
4,71,0.12783480328345942,14
4,72,0.12783480328345942,14
4,73,0.12783480328345942,14
4,74,0.12783480328345942,14
4,75,0.12783480328345942,14
4,76,0.12783480328345942,14
4,77,0.12783480328345942,14
4,78,0.12783480328345942,14
4,79,0.12783480328345942,14
4,80,0.12783661574816493,15
4,81,0.12783661574816493,15
4,82,0.12783661574816493,15
4,83,0.12783661574816493,15
4,84,0.12783661574816493,15
4,85,0.13154853596991617,16
4,86,0.13154853596991617,16
4,87,0.13154853596991617,16
4,88,0.13154853596991617,16
4,89,0.13266406421107085,17
4,90,0.13266406421107085,17
4,91,0.13266406421107085,17
4,92,0.13434683362164956,18
4,93,0.13434683362164956,18
4,94,0.13434683362164956,18
4,95,0.13434683362164956,18
4,96,0.13434683362164956,18
4,97,0.13434683362164956,18
4,98,0.13434683362164956,18
4,99,0.13434683362164956,18
4,100,0.13453949323252262,19
4,101,0.13453949323252262,19
4,102,0.13453949323252262,19
4,103,0.13453949323252262,19
4,104,0.13453949323252262,19
4,105,0.13453949323252262,19
4,106,0.1345624221958564,20
4,107,0.1345624221958564,20
4,108,0.1345624221958564,20
4,109,0.1345624221958564,20
4,110,0.1345624221958564,20
4,111,0.13468185261029755,21
4,112,0.13468185261029755,21
4,113,0.13468185261029755,21
4,114,0.13468185261029755,21
4,115,0.13468185261029755,21
4,116,0.13468185261029755,21
4,117,0.13468185261029755,21
4,118,0.13468185261029755,21
4,119,0.13468185261029755,21
4,120,0.13468185261029755,21
4,121,0.13468185261029755,21
4,122,0.13468185261029755,21
4,123,0.13468185261029755,21
4,124,0.13468185261029755,21
4,125,0.13468185261029755,21
4,126,0.13468185261029755,21
4,127,0.13468185261029755,21
4,128,0.13468185261029755,21
4,129,0.13468185261029755,21
4,130,0.13468185261029755,21
4,131,0.13468185261029755,21
4,132,0.13468185261029755,21
4,133,0.13468185261029755,21
4,134,0.13468185261029755,21
4,135,0.1349751986171256,22
4,136,0.1349751986171256,22
4,137,0.1349751986171256,22
4,138,0.1349751986171256,22
4,139,0.1349751986171256,22
4,140,0.1349751986171256,22
4,141,0.13504322220618709,23
4,142,0.13504322220618709,23
4,143,0.13504322220618709,23
4,144,0.13629761833404103,24
4,145,0.13629761833404103,24
4,146,0.13629761833404103,24
4,147,0.13629761833404103,24
4,148,0.13629761833404103,24
4,149,0.13629761833404103,24
4,150,0.13629761833404103,24
4,151,0.13629761833404103,24
4,152,0.13629761833404103,24
4,153,0.13629761833404103,24
4,154,0.13629761833404103,24
4,155,0.13629761833404103,24
4,156,0.13629761833404103,24
4,157,0.13629761833404103,24
4,158,0.13629761833404103,24
4,159,0.13629761833404103,24
4,160,0.13629761833404103,24
4,161,0.13629761833404103,24
4,162,0.13629761833404103,24
4,163,0.13629761833404103,24
4,164,0.13629761833404103,24
4,165,0.13629761833404103,24
4,166,0.13629761833404103,24
4,167,0.13629761833404103,24
4,168,0.13629761833404103,24
4,169,0.13629761833404103,24
4,170,0.13629761833404103,24
4,171,0.13629761833404103,24
4,172,0.13629761833404103,24
4,173,0.13629761833404103,24
4,174,0.13629761833404103,24
4,175,0.13629761833404103,24
4,176,0.1363032190210583,25
4,177,0.1363032190210583,25
4,178,0.1363032190210583,25
4,179,0.1363032190210583,25
4,180,0.1363032190210583,25
4,181,0.1363419730862671,26
4,182,0.1363419730862671,26
4,183,0.1363419730862671,26
4,184,0.1363419730862671,26
4,185,0.1363419730862671,26
4,186,0.1363419730862671,26
4,187,0.1363419730862671,26
4,188,0.1366019020629789,27
4,189,0.1366019020629789,27
4,190,0.1366019020629789,27
4,191,0.1366019020629789,27
4,192,0.1366019020629789,27
4,193,0.1366019020629789,27
4,194,0.1366019020629789,27
4,195,0.1366019020629789,27
4,196,0.1366019020629789,27
4,197,0.1366019020629789,27
4,198,0.1366019020629789,27
4,199,0.1366019020629789,27
4,200,0.1366019020629789,27
4,201,0.1368049659757599,28
4,202,0.1368049659757599,28
4,203,0.1368049659757599,28
4,204,0.1368049659757599,28
4,205,0.1368049659757599,28
4,206,0.13698135495469949,29
4,207,0.13698135495469949,29
4,208,0.13698135495469949,29
4,209,0.13698135495469949,29
4,210,0.13698135495469949,29
4,211,0.13698135495469949,29
4,212,0.13700278147241285,30
4,213,0.13700278147241285,30
4,214,0.13700278147241285,30
4,215,0.13700278147241285,30
4,216,0.13700278147241285,30
4,217,0.13700278147241285,30
4,218,0.13700278147241285,30
4,219,0.13700278147241285,30
4,220,0.13700278147241285,30
4,221,0.13700278147241285,30
4,222,0.13700278147241285,30
4,223,0.13700278147241285,30
4,224,0.13700278147241285,30
4,225,0.13700278147241285,30
4,226,0.13700278147241285,30
4,227,0.13700278147241285,30
4,228,0.13700278147241285,30
4,229,0.13700278147241285,30
4,230,0.13700278147241285,30
4,231,0.13700278147241285,30
4,232,0.13700278147241285,30
4,233,0.13700278147241285,30
4,234,0.13700278147241285,30
4,235,0.13700278147241285,30
4,236,0.13700278147241285,30
4,237,0.13700278147241285,30
4,238,0.13700278147241285,30
4,239,0.13700278147241285,30
4,240,0.13700278147241285,30
4,241,0.13700278147241285,30
4,242,0.13700278147241285,30
4,243,0.13700278147241285,30
4,244,0.13700278147241285,30
4,245,0.13700278147241285,30
4,246,0.13700278147241285,30
4,247,0.13700278147241285,30
4,248,0.13700278147241285,30
4,249,0.1403182131736011,31
4,250,0.1403182131736011,31
4,251,0.1403182131736011,31
4,252,0.1403182131736011,31
4,253,0.1403182131736011,31
4,254,0.1403182131736011,31
4,255,0.1403182131736011,31
4,256,0.1403182131736011,31
4,257,0.1403182131736011,31
4,258,0.1403182131736011,31
4,259,0.1403182131736011,31
4,260,0.1403182131736011,31
4,261,0.1403182131736011,31
4,262,0.1403182131736011,31
4,263,0.1403182131736011,31
4,264,0.1403182131736011,31
4,265,0.1403182131736011,31
4,266,0.1403182131736011,31
4,267,0.1403182131736011,31
4,268,0.1403182131736011,31
4,269,0.1403182131736011,31
4,270,0.1403182131736011,31
4,271,0.1403182131736011,31
4,272,0.1403182131736011,31
4,273,0.1403182131736011,31
4,274,0.1403182131736011,31
4,275,0.1403182131736011,31
4,276,0.1403182131736011,31
4,277,0.1403182131736011,31
4,278,0.1403182131736011,31
4,279,0.1403182131736011,31
4,280,0.1403182131736011,31
4,281,0.1403182131736011,31
4,282,0.1403182131736011,31
4,283,0.1403182131736011,31
4,284,0.1403182131736011,31
4,285,0.1403182131736011,31
4,286,0.1403182131736011,31
4,287,0.1403182131736011,31
4,288,0.1403182131736011,31
4,289,0.1403182131736011,31
4,290,0.1403182131736011,31
4,291,0.1403182131736011,31
4,292,0.1403182131736011,31
4,293,0.1403182131736011,31
4,294,0.1403182131736011,31
4,295,0.1403182131736011,31
4,296,0.1403182131736011,31
4,297,0.1403182131736011,31
4,298,0.1403182131736011,31
4,299,0.14577771766164327,32
4,300,0.14577771766164327,32
4,301,0.14577771766164327,32
4,302,0.14577771766164327,32
4,303,0.14577771766164327,32
4,304,0.14577771766164327,32
4,305,0.14577771766164327,32
4,306,0.14577771766164327,32
4,307,0.14577771766164327,32
4,308,0.14577771766164327,32
4,309,0.14577771766164327,32
4,310,0.14577771766164327,32
4,311,0.14577771766164327,32
4,312,0.14577771766164327,32
4,313,0.14577771766164327,32
4,314,0.14718304198706064,33
4,315,0.14718304198706064,33
4,316,0.14718304198706064,33
4,317,0.14744931794054555,34
4,318,0.14744931794054555,34
4,319,0.14744931794054555,34
4,320,0.14744931794054555,34
4,321,0.14744931794054555,34
4,322,0.14744931794054555,34
4,323,0.14744931794054555,34
4,324,0.1487032091217311,35
4,325,0.1487032091217311,35
4,326,0.1487032091217311,35
4,327,0.1487032091217311,35
4,328,0.1487032091217311,35
4,329,0.1487032091217311,35
4,330,0.1487032091217311,35
4,331,0.1487032091217311,35
4,332,0.1487032091217311,35
4,333,0.1487032091217311,35
4,334,0.1487032091217311,35
4,335,0.1487032091217311,35
4,336,0.1487032091217311,35
4,337,0.1487032091217311,35
4,338,0.1487032091217311,35
4,339,0.1487032091217311,35
4,340,0.1487032091217311,35
4,341,0.1487032091217311,35
4,342,0.1487032091217311,35
4,343,0.1487032091217311,35
4,344,0.14875361882003907,36
4,345,0.14875361882003907,36
4,346,0.14875361882003907,36
4,347,0.14875361882003907,36
4,348,0.14875361882003907,36
4,349,0.14875361882003907,36
4,350,0.14875361882003907,36
4,351,0.14875361882003907,36
4,352,0.14875361882003907,36
4,353,0.14875361882003907,36
4,354,0.14875361882003907,36
4,355,0.14875361882003907,36
4,356,0.14888938792301165,37
4,357,0.14888938792301165,37
4,358,0.14888938792301165,37
4,359,0.14888938792301165,37
4,360,0.14888938792301165,37
4,361,0.14888938792301165,37
4,362,0.14888938792301165,37
4,363,0.14888938792301165,37
4,364,0.14888938792301165,37
4,365,0.14888938792301165,37
4,366,0.14888938792301165,37
4,367,0.14888938792301165,37
4,368,0.14888938792301165,37
4,369,0.14888938792301165,37
4,370,0.14888938792301165,37
4,371,0.14888938792301165,37
4,372,0.1490565881615409,38
4,373,0.1490565881615409,38
4,374,0.1490565881615409,38
4,375,0.1490565881615409,38
4,376,0.1490565881615409,38
4,377,0.1490565881615409,38
4,378,0.1490565881615409,38
4,379,0.1490565881615409,38
4,380,0.1490565881615409,38
4,381,0.1490565881615409,38
4,382,0.1490565881615409,38
4,383,0.1490565881615409,38
4,384,0.1490565881615409,38
4,385,0.1490565881615409,38
4,386,0.1490565881615409,38
4,387,0.1490565881615409,38
4,388,0.1490565881615409,38
4,389,0.1490565881615409,38
4,390,0.1490565881615409,38
4,391,0.14973362771317214,39
4,392,0.14973362771317214,39
4,393,0.14973362771317214,39
4,394,0.14973362771317214,39
4,395,0.14973362771317214,39
4,396,0.14973362771317214,39
4,397,0.14973362771317214,39
4,398,0.14981571708558308,40
4,399,0.14981571708558308,40
4,400,0.14981571708558308,40
5,0,0.12185743181780974,0
5,1,0.12201586846307318,1
5,2,0.12201586846307318,1
5,3,0.12201586846307318,1
5,4,0.12201586846307318,1
5,5,0.12376577765736564,2
5,6,0.12376577765736564,2
5,7,0.12376577765736564,2
5,8,0.12376577765736564,2
5,9,0.12376577765736564,2
5,10,0.12376577765736564,2
5,11,0.12376577765736564,2
5,12,0.12393357983041443,3
5,13,0.12393357983041443,3
5,14,0.12393357983041443,3
5,15,0.12393357983041443,3
5,16,0.12410841718984056,4
5,17,0.12410841718984056,4
5,18,0.12430875815801841,5
5,19,0.12430875815801841,5
5,20,0.12446925791228661,6
5,21,0.12446925791228661,6
5,22,0.12446925791228661,6
5,23,0.12446925791228661,6
5,24,0.12446925791228661,6
5,25,0.12446925791228661,6
5,26,0.12446925791228661,6
5,27,0.12446925791228661,6
5,28,0.12446925791228661,6
5,29,0.12446925791228661,6
5,30,0.12446925791228661,6
5,31,0.12446925791228661,6
5,32,0.12454086445602455,7
5,33,0.12538572136011242,8
5,34,0.12538572136011242,8
5,35,0.12538572136011242,8
5,36,0.12538572136011242,8
5,37,0.12538572136011242,8
5,38,0.12538572136011242,8
5,39,0.12538572136011242,8
5,40,0.12538572136011242,8
5,41,0.12555648680300166,9
5,42,0.12555648680300166,9
5,43,0.12555648680300166,9
5,44,0.12555648680300166,9
5,45,0.12718498437482947,10
5,46,0.12718498437482947,10
5,47,0.12718498437482947,10
5,48,0.12718498437482947,10
5,49,0.12718498437482947,10
5,50,0.12718498437482947,10
5,51,0.12718498437482947,10
5,52,0.12718498437482947,10
5,53,0.12718498437482947,10
5,54,0.12718498437482947,10
5,55,0.12718498437482947,10
5,56,0.12718498437482947,10
5,57,0.12718498437482947,10
5,58,0.12718498437482947,10
5,59,0.12735916551089022,11
5,60,0.12735916551089022,11
5,61,0.12735916551089022,11
5,62,0.12735916551089022,11
5,63,0.12735916551089022,11
5,64,0.12735916551089022,11
5,65,0.12735916551089022,11
5,66,0.12735916551089022,11
5,67,0.12735916551089022,11
5,68,0.12735916551089022,11
5,69,0.12735916551089022,11
5,70,0.12735916551089022,11
5,71,0.12735916551089022,11
5,72,0.12735916551089022,11
5,73,0.12735916551089022,11
5,74,0.12735916551089022,11
5,75,0.12745245287441243,12
5,76,0.12745245287441243,12
5,77,0.12745245287441243,12
5,78,0.12763365303400012,13
5,79,0.12763365303400012,13
5,80,0.12763365303400012,13
5,81,0.12763365303400012,13
5,82,0.12763365303400012,13
5,83,0.12763365303400012,13
5,84,0.12763365303400012,13
5,85,0.12763365303400012,13
5,86,0.12763365303400012,13
5,87,0.12763365303400012,13
5,88,0.12763365303400012,13
5,89,0.12763365303400012,13
5,90,0.12911502292690127,14
5,91,0.12911502292690127,14
5,92,0.12911502292690127,14
5,93,0.12911502292690127,14
5,94,0.1293231941337268,15
5,95,0.1293231941337268,15
5,96,0.1293231941337268,15
5,97,0.1293231941337268,15
5,98,0.1293231941337268,15
5,99,0.1293231941337268,15
5,100,0.12973299841311622,16
5,101,0.12973299841311622,16
5,102,0.12973299841311622,16
5,103,0.12973299841311622,16
5,104,0.12973299841311622,16
5,105,0.12973299841311622,16
5,106,0.12973299841311622,16
5,107,0.12973299841311622,16
5,108,0.12973299841311622,16
5,109,0.12973299841311622,16
5,110,0.12973299841311622,16
5,111,0.12973299841311622,16
5,112,0.12973299841311622,16
5,113,0.12973299841311622,16
5,114,0.12973299841311622,16
5,115,0.12973299841311622,16
5,116,0.12973299841311622,16
5,117,0.12973299841311622,16
5,118,0.12973299841311622,16
5,119,0.12973299841311622,16
5,120,0.12973299841311622,16
5,121,0.12973299841311622,16
5,122,0.12973299841311622,16
5,123,0.12973299841311622,16
5,124,0.12973299841311622,16
5,125,0.12973299841311622,16
5,126,0.13045495851055053,17
5,127,0.13045495851055053,17
5,128,0.13045495851055053,17
5,129,0.13045495851055053,17
5,130,0.13045495851055053,17
5,131,0.13045495851055053,17
5,132,0.13239726913026414,18
5,133,0.13239726913026414,18
5,134,0.13239726913026414,18
5,135,0.13379925569052048,19
5,136,0.13379925569052048,19
5,137,0.13379925569052048,19
5,138,0.13379925569052048,19
5,139,0.13379925569052048,19
5,140,0.13379925569052048,19
5,141,0.13379925569052048,19
5,142,0.13379925569052048,19
5,143,0.13379925569052048,19
5,144,0.13379925569052048,19
5,145,0.13379925569052048,19
5,146,0.13379925569052048,19
5,147,0.13466926003816798,20
5,148,0.13466926003816798,20
5,149,0.13466926003816798,20
5,150,0.13466926003816798,20
5,151,0.13466926003816798,20
5,152,0.13466926003816798,20
5,153,0.13466926003816798,20
5,154,0.13466926003816798,20
5,155,0.13565799849724844,21
5,156,0.13565799849724844,21
5,157,0.13565799849724844,21
5,158,0.13565799849724844,21
5,159,0.13629006271800806,22
5,160,0.13629006271800806,22
5,161,0.13629006271800806,22
5,162,0.13629006271800806,22
5,163,0.13629006271800806,22
5,164,0.13629006271800806,22
5,165,0.13629006271800806,22
5,166,0.13629006271800806,22
5,167,0.13629006271800806,22
5,168,0.13629006271800806,22
5,169,0.13989632306088529,23
5,170,0.13989632306088529,23
5,171,0.13989632306088529,23
5,172,0.13989632306088529,23
5,173,0.13989632306088529,23
5,174,0.14068611630851752,24
5,175,0.14068611630851752,24
5,176,0.14068611630851752,24
5,177,0.14107200697776606,25
5,178,0.14107200697776606,25
5,179,0.14107200697776606,25
5,180,0.14107200697776606,25
5,181,0.14107200697776606,25
5,182,0.14117704091285158,26
5,183,0.14117704091285158,26
5,184,0.14117704091285158,26
5,185,0.14117704091285158,26
5,186,0.14117704091285158,26
5,187,0.14117704091285158,26
5,188,0.14117704091285158,26
5,189,0.14117704091285158,26
5,190,0.14117704091285158,26
5,191,0.14117704091285158,26
5,192,0.14117704091285158,26
5,193,0.14117704091285158,26
5,194,0.14117704091285158,26
5,195,0.14117704091285158,26
5,196,0.14117704091285158,26
5,197,0.14117704091285158,26
5,198,0.14117704091285158,26
5,199,0.14117704091285158,26
5,200,0.14117704091285158,26
5,201,0.14117704091285158,26
5,202,0.14117704091285158,26
5,203,0.14117704091285158,26
5,204,0.14117704091285158,26
5,205,0.14117704091285158,26
5,206,0.14117704091285158,26
5,207,0.14117704091285158,26
5,208,0.14117704091285158,26
5,209,0.14117704091285158,26
5,210,0.14117704091285158,26
5,211,0.14117704091285158,26
5,212,0.14117704091285158,26
5,213,0.14117704091285158,26
5,214,0.14117704091285158,26
5,215,0.14117704091285158,26
5,216,0.14117704091285158,26
5,217,0.14117704091285158,26
5,218,0.14117704091285158,26
5,219,0.14117704091285158,26
5,220,0.14117704091285158,26
5,221,0.14304761739266317,27
5,222,0.14304761739266317,27
5,223,0.14304761739266317,27
5,224,0.14304761739266317,27
5,225,0.14304761739266317,27
5,226,0.14304761739266317,27
5,227,0.14304761739266317,27
5,228,0.14304761739266317,27
5,229,0.14304761739266317,27
5,230,0.14304761739266317,27
5,231,0.14304761739266317,27
5,232,0.14304761739266317,27
5,233,0.14304761739266317,27
5,234,0.14304761739266317,27
5,235,0.14304761739266317,27
5,236,0.143205923355686,28
5,237,0.143205923355686,28
5,238,0.143205923355686,28
5,239,0.143205923355686,28
5,240,0.143205923355686,28
5,241,0.143205923355686,28
5,242,0.143205923355686,28
5,243,0.143205923355686,28
5,244,0.143205923355686,28
5,245,0.143205923355686,28
5,246,0.143205923355686,28
5,247,0.143205923355686,28
5,248,0.143205923355686,28
5,249,0.1441193978827643,29
5,250,0.1441193978827643,29
5,251,0.1441193978827643,29
5,252,0.1441193978827643,29
5,253,0.1441193978827643,29
5,254,0.1441193978827643,29
5,255,0.1441193978827643,29
5,256,0.1441193978827643,29
5,257,0.1441193978827643,29
5,258,0.1441193978827643,29
5,259,0.1441193978827643,29
5,260,0.1441193978827643,29
5,261,0.14441121337064378,30
5,262,0.14441121337064378,30
5,263,0.14441121337064378,30
5,264,0.14441121337064378,30
5,265,0.14441121337064378,30
5,266,0.14441121337064378,30
5,267,0.14441121337064378,30
5,268,0.14441121337064378,30
5,269,0.14441121337064378,30
5,270,0.14441121337064378,30
5,271,0.14441121337064378,30
5,272,0.14441121337064378,30
5,273,0.14441121337064378,30
5,274,0.14441121337064378,30
5,275,0.14441121337064378,30
5,276,0.14441121337064378,30
5,277,0.14441121337064378,30
5,278,0.14441121337064378,30
5,279,0.14441121337064378,30
5,280,0.14441121337064378,30
5,281,0.14449002588614412,31
5,282,0.14449002588614412,31
5,283,0.14449002588614412,31
5,284,0.14449002588614412,31
5,285,0.14449002588614412,31
5,286,0.14449002588614412,31
5,287,0.14449002588614412,31
5,288,0.14449002588614412,31
5,289,0.14449002588614412,31
5,290,0.14449002588614412,31
5,291,0.14449002588614412,31
5,292,0.14449002588614412,31
5,293,0.14449002588614412,31
5,294,0.14449002588614412,31
5,295,0.14449002588614412,31
5,296,0.14449002588614412,31
5,297,0.14449002588614412,31
5,298,0.14449002588614412,31
5,299,0.14449002588614412,31
5,300,0.14449002588614412,31
5,301,0.14558586492651338,32
5,302,0.14558586492651338,32
5,303,0.14558586492651338,32
5,304,0.14558586492651338,32
5,305,0.14558586492651338,32
5,306,0.14558586492651338,32
5,307,0.14558586492651338,32
5,308,0.14558586492651338,32
5,309,0.14558586492651338,32
5,310,0.14558586492651338,32
5,311,0.14558586492651338,32
5,312,0.14558586492651338,32
5,313,0.14558586492651338,32
5,314,0.14558586492651338,32
5,315,0.14558586492651338,32
5,316,0.14558586492651338,32
5,317,0.14558586492651338,32
5,318,0.14558586492651338,32
5,319,0.14558586492651338,32
5,320,0.14558586492651338,32
5,321,0.14558586492651338,32
5,322,0.14784905130658563,33
5,323,0.14784905130658563,33
5,324,0.14784905130658563,33
5,325,0.14784905130658563,33
5,326,0.14784905130658563,33
5,327,0.14784905130658563,33
5,328,0.14784905130658563,33
5,329,0.14842198575629095,34
5,330,0.14842198575629095,34
5,331,0.14842198575629095,34
5,332,0.14842198575629095,34
5,333,0.14842198575629095,34
5,334,0.14842198575629095,34
5,335,0.15265602680213047,35
5,336,0.15265602680213047,35
5,337,0.15265602680213047,35
5,338,0.15265602680213047,35
5,339,0.15265602680213047,35
5,340,0.15265602680213047,35
5,341,0.15265602680213047,35
5,342,0.15265602680213047,35
5,343,0.15285322435536117,36
5,344,0.15285322435536117,36
5,345,0.15285322435536117,36
5,346,0.15285322435536117,36
5,347,0.15285322435536117,36
5,348,0.15285322435536117,36
5,349,0.15285322435536117,36
5,350,0.15285322435536117,36
5,351,0.15285322435536117,36
5,352,0.15285322435536117,36
5,353,0.15285322435536117,36
5,354,0.15285322435536117,36
5,355,0.15285322435536117,36
5,356,0.15285322435536117,36
5,357,0.15285322435536117,36
5,358,0.15285322435536117,36
5,359,0.15285322435536117,36
5,360,0.15285322435536117,36
5,361,0.15285322435536117,36
5,362,0.15285322435536117,36
5,363,0.15285322435536117,36
5,364,0.15285322435536117,36
5,365,0.15285322435536117,36
5,366,0.15285322435536117,36
5,367,0.15285322435536117,36
5,368,0.15285322435536117,36
5,369,0.15285322435536117,36
5,370,0.15285322435536117,36
5,371,0.15285322435536117,36
5,372,0.15285322435536117,36
5,373,0.15285322435536117,36
5,374,0.15285322435536117,36
5,375,0.15285322435536117,36
5,376,0.15285322435536117,36
5,377,0.15285322435536117,36
5,378,0.15285322435536117,36
5,379,0.15285322435536117,36
5,380,0.15285322435536117,36
5,381,0.15285322435536117,36
5,382,0.15285322435536117,36
5,383,0.15285322435536117,36
5,384,0.15285322435536117,36
5,385,0.15285322435536117,36
5,386,0.15285322435536117,36
5,387,0.15285322435536117,36
5,388,0.15285322435536117,36
5,389,0.15285322435536117,36
5,390,0.15285322435536117,36
5,391,0.15285322435536117,36
5,392,0.15285322435536117,36
5,393,0.15285322435536117,36
5,394,0.15285322435536117,36
5,395,0.15285322435536117,36
5,396,0.15285322435536117,36
5,397,0.15285322435536117,36
5,398,0.15285322435536117,36
5,399,0.15285322435536117,36
5,400,0.15285322435536117,36
