method,replicate,high_count,effective_conductivity_W_mK,improvement_vs_homogeneous_percent,improvement_vs_random_mean_percent,heat_rate_hot_W,relative_energy_balance_error,thermally_solved_particles
homogeneous,0,0,0.09392563841884521,0.0,-15.335741388799507,0.001443696660239097,9.537576673678933e-14,497
random,1,50,0.11265989002195131,19.945833659989542,1.5512508032539118,0.0017316539946452118,8.464978233134205e-13,497
random,2,50,0.11102005560848945,18.199947828317775,0.07310950767103197,0.001706448699201779,1.5179922090327476e-12,497
random,3,50,0.11316123581963144,20.479602507473405,2.0031622406736727,0.0017393599976697333,7.466294291825631e-13,497
random,4,50,0.11451697363696565,21.923018639806237,3.225219807787738,0.0017601985481655743,6.824775582083585e-13,497
random,5,50,0.11235295486723515,19.619048386146165,1.2745804739038524,0.0017269362065605819,1.2994583402011575e-12,497
random,6,50,0.1136481299238954,20.997985041210086,2.442046969631795,0.0017468438689965523,1.892278778965148e-12,497
random,7,50,0.11254220404575133,19.820536692962087,1.4451690550578045,0.0017298450865168556,1.214415178435369e-12,497
random,8,50,0.10898673144556376,16.035124466821493,-1.7597221415818654,0.0016751952166317815,2.5351194102343433e-12,497
random,9,50,0.108554651482881,15.57510101640216,-2.149197585317053,0.001668553873441761,4.4692249144883544e-13,497
random,10,50,0.1111404175114325,18.328093779699373,0.1816033273485118,0.0017082987380221066,3.4982888190032516e-13,497
random,11,50,0.11439533455832146,21.793512915179946,3.1155747461738326,0.0017583288783443263,5.138823013586494e-13,497
random,12,50,0.10993360239686807,17.043231483440223,-0.9062158099541251,0.001689749223962342,9.940208770590367e-13,497
random,13,50,0.11294743316754684,20.25197280414237,1.8104412399695846,0.0017360737152450306,2.907362025846898e-12,497
random,14,50,0.1109958980818553,18.174227985428427,0.05133399337280409,0.0017060773826889667,5.477959453450979e-13,497
random,15,50,0.11062549644375572,17.779871721968355,-0.2825448133725095,0.00170038407448395,2.524982836213346e-14,497
random,16,50,0.1084962353680161,15.512907012881637,-2.2018536772983377,0.001667655980690066,7.529868094576081e-13,497
random,17,50,0.11278366040239644,20.07760852202796,1.6628170132346742,0.0017335564239274951,1.2544689561615214e-12,497
random,18,50,0.1136241295999041,20.972432567577414,2.4204131572738596,0.0017464749687881088,1.1286045232852052e-12,497
random,19,50,0.11199609740738696,19.23911223042174,0.9529103444638531,0.0017214510809693473,5.557520672980683e-13,497
random,20,50,0.11182121613913522,19.052921035774872,0.7952729499167477,0.0017187630449105715,1.7055671767243712e-12,497
random,21,50,0.11087398254485187,18.044427923319972,-0.058560266888207924,0.0017042034635273186,1.1301330976142567e-12,497
random,22,50,0.11092595960964713,18.099766450340127,-0.011708313260239134,0.001705002383993734,1.3021853984815804e-12,497
random,23,50,0.11140148855913475,18.606048821684862,0.416931902917983,0.0017123115656802173,3.4185411385245698e-12,497
random,24,50,0.10678443510179791,13.690401150760456,-3.7448647536088897,0.0016413445244259609,1.7089939491134724e-12,497
random,25,50,0.11028693655504614,17.419416478427884,-0.5877215729412355,0.0016951801941712994,4.745678452062844e-13,497
random,26,50,0.11220940417008708,19.46621397419581,1.145184352123274,0.0017247297412595584,8.998087947172462e-13,497
random,27,50,0.11127962325709433,18.476302243336384,0.3070829242858508,0.0017104384186618258,1.1978947872125662e-12,497
random,28,50,0.10845243528640995,15.466274291141868,-2.241334925429528,0.0016669827456437304,5.3332632491930673e-14,497
random,29,50,0.11082822059759034,17.99570645809292,-0.09980993420720674,0.001703500073361016,2.874233519276693e-13,497
random,30,50,0.10943012482886226,16.507192999719056,-1.360048818067383,0.001682010454275263,1.7878266677608131e-12,497
random,31,50,0.10995558241742359,17.066632996515384,-0.8864030924052302,0.0016900870708250536,1.524219909313668e-13,497
random,32,50,0.10914017324777187,16.198489661661974,-1.6214102105414296,0.0016775537144936865,2.0112841285636875e-13,497
random,33,50,0.11398068555292823,21.352047717419808,2.741811509463732,0.0017519554600281453,1.9001249896764005e-12,497
random,34,50,0.10936618387344893,16.43911685300372,-1.4176849829749982,0.0016810276412187143,2.966834019348782e-14,497
random,35,50,0.11104539691861602,18.226928012379528,0.09595208047885606,0.0017068382112180047,4.474425316231118e-13,497
random,36,50,0.11328612855744297,20.612572312005994,2.115740139857958,0.0017412796782968964,1.7708074222540156e-13,497
random,37,50,0.1122183369847376,19.47572449209154,1.1532363615897934,0.0017248670442887907,1.1333143174494199e-12,497
random,38,50,0.11022631954409187,17.354879242402998,-0.6423615453498788,0.0016942484722501975,1.4741451241921383e-12,497
random,39,50,0.10829395332261507,15.297542977239953,-2.3841900413895223,0.0016645467773001511,7.891753900206345e-13,497
random,40,50,0.11197886925176499,19.22076989502537,0.9373809421885371,0.0017211862732858202,2.0346275539614004e-13,497
random,41,50,0.10899832231519507,16.04746494150597,-1.7492741701811476,0.0016753733756526591,7.196203743742878e-14,497
random,42,50,0.11209906651316148,19.348740557157562,1.0457263545226025,0.0017230337814611086,1.159689743399199e-12,497
random,43,50,0.10997933246151399,17.091919004138244,-0.8649948815189767,0.0016904521240726125,2.0920146721966045e-12,497
random,44,50,0.11159629620615236,18.813455074436526,0.5925308691234532,0.0017153058828243202,1.2918351311629943e-12,497
random,45,50,0.10971823300315155,16.813933714117525,-1.1003490663632154,0.0016864388597246272,6.646242758534003e-13,497
random,46,50,0.11264046280015366,19.92515004034672,1.533739170029369,0.0017313553859192117,8.902284423747656e-13,497
random,47,50,0.10794826275333907,14.929495897555011,-2.695794372744953,0.001659233293902632,1.8462170626623807e-12,497
random,48,50,0.11309492262807662,20.40900070729281,1.9433877499846153,0.0017383407218384572,1.2587502536288353e-12,497
random,49,50,0.11139761677099218,18.6019266371485,0.41344188594170106,0.0017122520538397372,1.127226977551736e-12,497
random,50,50,0.10876262037608402,15.796519679829956,-1.961735115499097,0.0016717504872908137,8.158671663957397e-14,497
random,51,50,0.11032811609458065,17.46325918232401,-0.5506024727324865,0.0016958131498232064,1.446188404906244e-13,497
random,52,50,0.1155191098660648,22.98996505185007,4.128542077323449,0.0017756020178827923,7.617983178487093e-13,497
random,53,50,0.11700770821465035,24.574834075521125,5.470359686173132,0.0017984827190466954,4.131522138183266e-12,497
random,54,50,0.11355220526767125,20.895856742867956,2.355580803008195,0.0017453694461642278,2.911258652279888e-12,497
random,55,50,0.11347077602603949,20.80916130698638,2.2821807549693096,0.001744117827051826,3.4979320375897113e-12,497
random,56,50,0.11593274463743335,23.4303504230136,4.5013910868512585,0.0017819598467784616,3.3344531285661763e-12,497
random,57,50,0.10649727460627219,13.384669403433724,-4.003710270822147,0.0016369306854005143,1.0511311585032095e-12,497
random,58,50,0.10844429356867842,15.457606032007742,-2.2486738427599295,0.0016668576022761104,5.316752040363255e-13,497
random,59,50,0.11130187929238167,18.499997621576014,0.32714444059755987,0.0017107805080461024,1.2814366205672267e-12,497
random,60,50,0.10998676898874972,17.09983646667661,-0.8582916205600477,0.0016905664282148543,9.383864439186495e-13,497
random,61,50,0.10916644160746088,16.226456849462046,-1.597731998336105,0.0016779574758499188,1.1294597299281965e-13,497
random,62,50,0.1096416103885158,16.7323557595509,-1.1694164367872406,0.0016852611215190576,2.895046775770206e-14,497
random,63,50,0.10927892701530421,16.34621691682696,-1.4963380251893255,0.0016796864479427663,1.985234926300614e-12,497
random,64,50,0.11009745059760954,17.217676079718423,-0.758523585827886,0.001692267674772778,2.7260936982281325e-12,497
random,65,50,0.10994983879917755,17.060517926825458,-0.8915803708217873,0.0016899987877681685,1.828646206621403e-12,497
random,66,50,0.1086975673119083,15.72725950202245,-2.020373731552616,0.0016707505804169315,3.006368445155587e-12,497
random,67,50,0.11126995403942845,18.466007697748353,0.29836712358635165,0.0017102897966509846,1.413534717296864e-12,497
random,68,50,0.11075203639708893,17.914595270792088,-0.16848211958619963,0.0017023290738588737,6.94213819264823e-14,497
random,69,50,0.10942218365015761,16.49873824887751,-1.3672069701847978,0.0016818883933197321,8.096601023293459e-13,497
random,70,50,0.11205107101119752,19.2976410887143,1.0024633684108553,0.0017222960601417931,1.142686108992006e-12,497
random,71,50,0.11040654867799427,17.546764160021212,-0.4799036024616954,0.0016970187083973542,2.075358580118818e-12,497
random,72,50,0.10815415182681355,15.148700235093138,-2.510206645524715,0.001662397939602769,3.877931970450315e-13,497
random,73,50,0.11002877096178781,17.14455479251944,-0.8204311815218857,0.0016912120251915623,3.4422148484098144e-12,497
random,74,50,0.11097792071401415,18.15508798473875,0.03512925369071329,0.0017058010591382402,2.7811185838464868e-12,497
random,75,50,0.10963091456778434,16.720968218394372,-1.1790576140814468,0.0016850967199676975,9.597051263080183e-13,497
random,76,50,0.11020535360650467,17.33255739509896,-0.6612601718781752,0.0016939262124861653,1.487098616799785e-12,497
random,77,50,0.11299222140361045,20.299657586292994,1.8508132072477812,0.0017367621388523816,5.32374348801793e-13,497
random,78,50,0.11085076439080727,18.019708204151218,-0.07948903385320838,0.0017038465857672587,9.48253258792552e-13,497
random,79,50,0.10902766649551153,16.07870686949331,-1.7228234234748285,0.0016758244143236065,2.347453067888503e-12,497
random,80,50,0.10928340410333073,16.35098354721871,-1.4923023929074075,0.001679755263626538,4.789257276964047e-14,497
random,81,50,0.11341736275072863,20.75229368680298,2.2340342059512075,0.0017432968311184808,1.1300401126423395e-12,497
random,82,50,0.11373357524848803,21.088956288284912,2.5190671015170585,0.0017481572178523496,2.9902186720045437e-12,497
random,83,50,0.11367147510606566,21.022840003671096,2.4630902393274923,0.0017472026992595056,1.5199408760137003e-12,497
random,84,50,0.11303168950933096,20.341678174478407,1.8863896266990254,0.0017373687886806273,8.998777593508926e-13,497
random,85,50,0.10845968313799464,15.473990875992083,-2.2348017360759864,0.0016670941497214974,1.0912948412269366e-13,497
random,86,50,0.10854466721889522,15.564471049809603,-2.158197367723269,0.0016684004089690793,2.073006522675901e-13,497
random,87,50,0.10819560549837731,15.192834799692957,-2.4728404436149876,0.0016630351088379076,2.580255423020235e-12,497
random,88,50,0.1092176210939237,16.28094621714098,-1.5515989791688,0.001678744137031285,3.1550635598203546e-12,497
random,89,50,0.10922304500913683,16.28672090795431,-1.5467098800046153,0.001678827506049696,9.738802052124487e-14,497
random,90,50,0.11126027007205835,18.455697448562812,0.2896380275524413,0.0017101409479278304,8.552445530609078e-13,497
random,91,50,0.10864048172927969,15.666482078957156,-2.0718304861938486,0.0016698731387899581,6.97318320895452e-13,497
random,92,50,0.11195330046303378,19.193547520856136,0.9143333209218119,0.0017207932647791014,4.1470517379161807e-13,497
random,93,50,0.11187967384190801,19.115159316777675,0.8479665291001304,0.001719661576894799,4.652899233458968e-14,497
random,94,50,0.11506313238484672,22.504498581891454,3.717525489727014,0.001768593354669419,1.5350290855362592e-13,497
random,95,50,0.11254314882713397,19.821542575273398,1.4460206778591722,0.0017298596084061898,6.28010834839206e-13,497
random,96,50,0.1081991490750417,15.196607546648998,-2.469646275375381,0.0016630895758597115,9.1985981247356e-13,497
random,97,50,0.1070491344199296,13.972219110784657,-3.506265667121211,0.001645413120902784,7.762124556817565e-13,497
random,98,50,0.10963310992573737,16.72330555459989,-1.1770787257117887,0.0016851304640124352,2.643833022025622e-12,497
random,99,50,0.11268276207925564,19.970184899639708,1.5718675997663745,0.0017320055526787682,5.306188609543761e-12,497
random,100,50,0.10916858347086686,16.22873723151963,-1.5958013297735385,0.0016779903976495252,3.205586769548703e-12,497
degree,1,50,0.12036759882647928,28.152015629343595,8.498953927893549,0.0018501263696699194,9.90717295235898e-13,497
heat_path,1,50,0.13735857264506576,46.241830193944345,23.81456131315374,0.002111288418382506,3.608652157671388e-12,497
swap_optimized,1,50,0.16729894429585115,78.11850641867379,50.802712908713744,0.002571490928434155,4.017233032096384e-13,497
