proposal,best_k_eff_W_mK,accepted_swaps
0,0.13735857264506576,0
1,0.13735857264506576,0
2,0.13735857264506576,0
3,0.1376949760402884,1
4,0.1455231159587399,2
5,0.1455231159587399,2
6,0.1455231159587399,2
7,0.1455231159587399,2
8,0.1455231159587399,2
9,0.1455231159587399,2
10,0.1455231159587399,2
11,0.1455231159587399,2
12,0.1455231159587399,2
13,0.1455231159587399,2
14,0.14604081699623467,3
15,0.14604081699623467,3
16,0.14604081699623467,3
17,0.14895681865161206,4
18,0.14895681865161206,4
19,0.14895681865161206,4
20,0.14895681865161206,4
21,0.14895681865161206,4
22,0.14895681865161206,4
23,0.14895681865161206,4
24,0.14895681865161206,4
25,0.14895681865161206,4
26,0.14895681865161206,4
27,0.14895681865161206,4
28,0.14895681865161206,4
29,0.15051076436890898,5
30,0.15051076436890898,5
31,0.15051076436890898,5
32,0.15051076436890898,5
33,0.15051076436890898,5
34,0.15051076436890898,5
35,0.15051076436890898,5
36,0.15051076436890898,5
37,0.15115050746977993,6
38,0.15115050746977993,6
39,0.15115050746977993,6
40,0.15115050746977993,6
41,0.15115050746977993,6
42,0.15155494810437092,7
43,0.15155494810437092,7
44,0.15155494810437092,7
45,0.15155494810437092,7
46,0.15155494810437092,7
47,0.15155494810437092,7
48,0.15155494810437092,7
49,0.15155494810437092,7
50,0.15155494810437092,7
51,0.15155494810437092,7
52,0.15155494810437092,7
53,0.15155494810437092,7
54,0.15155494810437092,7
55,0.15155494810437092,7
56,0.15155494810437092,7
57,0.15155494810437092,7
58,0.15155494810437092,7
59,0.15155494810437092,7
60,0.15155494810437092,7
61,0.15155494810437092,7
62,0.15155494810437092,7
63,0.15155494810437092,7
64,0.15155494810437092,7
65,0.15155494810437092,7
66,0.15155494810437092,7
67,0.15155494810437092,7
68,0.15155494810437092,7
69,0.15155494810437092,7
70,0.15155494810437092,7
71,0.15155494810437092,7
72,0.15241981209074087,8
73,0.15241981209074087,8
74,0.15327622205396801,9
75,0.15327622205396801,9
76,0.15327622205396801,9
77,0.15327622205396801,9
78,0.15327622205396801,9
79,0.15327622205396801,9
80,0.15327622205396801,9
81,0.15327622205396801,9
82,0.15327622205396801,9
83,0.15327622205396801,9
84,0.15327622205396801,9
85,0.15327622205396801,9
86,0.15335618728686845,10
87,0.15335618728686845,10
88,0.15335618728686845,10
89,0.15335618728686845,10
90,0.15335618728686845,10
91,0.15335618728686845,10
92,0.15335618728686845,10
93,0.15335618728686845,10
94,0.15335618728686845,10
95,0.15335618728686845,10
96,0.15335618728686845,10
97,0.15335618728686845,10
98,0.15335618728686845,10
99,0.15335618728686845,10
100,0.15335618728686845,10
101,0.15335618728686845,10
102,0.1535699742368837,11
103,0.1535699742368837,11
104,0.1535699742368837,11
105,0.1535699742368837,11
106,0.1535699742368837,11
107,0.1535699742368837,11
108,0.1535699742368837,11
109,0.1535699742368837,11
110,0.1535699742368837,11
111,0.1535699742368837,11
112,0.1535699742368837,11
113,0.1535699742368837,11
114,0.1535699742368837,11
115,0.15412264479466964,12
116,0.15412264479466964,12
117,0.15412264479466964,12
118,0.15412264479466964,12
119,0.15412264479466964,12
120,0.15412264479466964,12
121,0.15412264479466964,12
122,0.15412264479466964,12
123,0.15412264479466964,12
124,0.15412264479466964,12
125,0.1544790194174787,13
126,0.1544790194174787,13
127,0.1544790194174787,13
128,0.1544790194174787,13
129,0.1544790194174787,13
130,0.1544790194174787,13
131,0.1544790194174787,13
132,0.1544790194174787,13
133,0.1544790194174787,13
134,0.1544790194174787,13
135,0.1544790194174787,13
136,0.1544790194174787,13
137,0.1544790194174787,13
138,0.1544790194174787,13
139,0.1544790194174787,13
140,0.1544790194174787,13
141,0.1544790194174787,13
142,0.1544790194174787,13
143,0.1544790194174787,13
144,0.1544790194174787,13
145,0.1544790194174787,13
146,0.1544790194174787,13
147,0.1544790194174787,13
148,0.1544790194174787,13
149,0.1544790194174787,13
150,0.1544790194174787,13
151,0.1544790194174787,13
152,0.1544790194174787,13
153,0.1544790194174787,13
154,0.15470552485057132,14
155,0.15470552485057132,14
156,0.15470552485057132,14
157,0.15497675401716213,15
158,0.15497675401716213,15
159,0.15497675401716213,15
160,0.15497675401716213,15
161,0.15497675401716213,15
162,0.15497675401716213,15
163,0.15497675401716213,15
164,0.15497675401716213,15
165,0.15497675401716213,15
166,0.15497675401716213,15
167,0.15497675401716213,15
168,0.15497675401716213,15
169,0.15497675401716213,15
170,0.15497675401716213,15
171,0.15497675401716213,15
172,0.15497675401716213,15
173,0.15497675401716213,15
174,0.15497675401716213,15
175,0.15497675401716213,15
176,0.15497675401716213,15
177,0.15497675401716213,15
178,0.15497675401716213,15
179,0.15497675401716213,15
180,0.15497675401716213,15
181,0.15585266677113718,16
182,0.15585266677113718,16
183,0.15585266677113718,16
184,0.15585266677113718,16
185,0.15585266677113718,16
186,0.15585266677113718,16
187,0.15585266677113718,16
188,0.15585266677113718,16
189,0.15585266677113718,16
190,0.15585266677113718,16
191,0.15585266677113718,16
192,0.15585266677113718,16
193,0.15585266677113718,16
194,0.15585266677113718,16
195,0.15585266677113718,16
196,0.15585266677113718,16
197,0.15585266677113718,16
198,0.15585266677113718,16
199,0.15585266677113718,16
200,0.15585266677113718,16
201,0.15585266677113718,16
202,0.15585266677113718,16
203,0.15585266677113718,16
204,0.15585266677113718,16
205,0.15585266677113718,16
206,0.15585266677113718,16
207,0.15585266677113718,16
208,0.15585266677113718,16
209,0.15585266677113718,16
210,0.15649363164535204,17
211,0.15649363164535204,17
212,0.15649363164535204,17
213,0.15649363164535204,17
214,0.15649363164535204,17
215,0.15649363164535204,17
216,0.15649363164535204,17
217,0.15649363164535204,17
218,0.15649363164535204,17
219,0.15649363164535204,17
220,0.15649363164535204,17
221,0.15649363164535204,17
222,0.15649363164535204,17
223,0.15649363164535204,17
224,0.15649363164535204,17
225,0.15649363164535204,17
226,0.15649363164535204,17
227,0.15649363164535204,17
228,0.16054690466142035,18
229,0.16075442285100483,19
230,0.16075442285100483,19
231,0.16075442285100483,19
232,0.16075442285100483,19
233,0.16075442285100483,19
234,0.16075442285100483,19
235,0.16075442285100483,19
236,0.16075442285100483,19
237,0.16075442285100483,19
238,0.16075442285100483,19
239,0.16075442285100483,19
240,0.16075442285100483,19
241,0.16075442285100483,19
242,0.16075442285100483,19
243,0.16075442285100483,19
244,0.16075442285100483,19
245,0.16075442285100483,19
246,0.16075442285100483,19
247,0.16075442285100483,19
248,0.16075442285100483,19
249,0.16075442285100483,19
250,0.16075442285100483,19
251,0.16075442285100483,19
252,0.16075442285100483,19
253,0.16075442285100483,19
254,0.16075442285100483,19
255,0.16075442285100483,19
256,0.16075442285100483,19
257,0.16075442285100483,19
258,0.16075442285100483,19
259,0.16075442285100483,19
260,0.16075442285100483,19
261,0.16075442285100483,19
262,0.16075442285100483,19
263,0.16075442285100483,19
264,0.16075442285100483,19
265,0.16075442285100483,19
266,0.16075442285100483,19
267,0.16075442285100483,19
268,0.16075442285100483,19
269,0.16075442285100483,19
270,0.16075442285100483,19
271,0.16075442285100483,19
272,0.16075442285100483,19
273,0.16075442285100483,19
274,0.16075442285100483,19
275,0.16075442285100483,19
276,0.16075442285100483,19
277,0.16075442285100483,19
278,0.16075442285100483,19
279,0.16075442285100483,19
280,0.16075442285100483,19
281,0.16075442285100483,19
282,0.16075442285100483,19
283,0.16075442285100483,19
284,0.16075442285100483,19
285,0.16075442285100483,19
286,0.16075442285100483,19
287,0.16075442285100483,19
288,0.16075442285100483,19
289,0.16075442285100483,19
290,0.16075442285100483,19
291,0.16075442285100483,19
292,0.16075442285100483,19
293,0.1611413390130282,20
294,0.1611413390130282,20
295,0.16219005532037323,21
296,0.16219005532037323,21
297,0.16219005532037323,21
298,0.16219005532037323,21
299,0.16219005532037323,21
300,0.16219005532037323,21
301,0.16219005532037323,21
302,0.16219005532037323,21
303,0.16219005532037323,21
304,0.16219005532037323,21
305,0.16219005532037323,21
306,0.16219005532037323,21
307,0.16219005532037323,21
308,0.16219005532037323,21
309,0.16219005532037323,21
310,0.16219005532037323,21
311,0.16219005532037323,21
312,0.16219005532037323,21
313,0.16219005532037323,21
314,0.16225576296180488,22
315,0.16225576296180488,22
316,0.16225576296180488,22
317,0.16225576296180488,22
318,0.16225576296180488,22
319,0.16225576296180488,22
320,0.16225576296180488,22
321,0.16225576296180488,22
322,0.16225576296180488,22
323,0.16225576296180488,22
324,0.16225576296180488,22
325,0.16225576296180488,22
326,0.16225576296180488,22
327,0.16225576296180488,22
328,0.16225576296180488,22
329,0.16225576296180488,22
330,0.16225576296180488,22
331,0.16225576296180488,22
332,0.16225576296180488,22
333,0.16225576296180488,22
334,0.16225576296180488,22
335,0.16225576296180488,22
336,0.16225576296180488,22
337,0.16225576296180488,22
338,0.16225576296180488,22
339,0.16225576296180488,22
340,0.16225576296180488,22
341,0.16225576296180488,22
342,0.16225576296180488,22
343,0.16225576296180488,22
344,0.16235825749749594,23
345,0.16235825749749594,23
346,0.16235825749749594,23
347,0.16235825749749594,23
348,0.16235825749749594,23
349,0.16235825749749594,23
350,0.16235825749749594,23
351,0.16235825749749594,23
352,0.16235825749749594,23
353,0.16235825749749594,23
354,0.16272894060596646,24
355,0.1631278702364388,25
356,0.1631278702364388,25
357,0.1631278702364388,25
358,0.1631278702364388,25
359,0.1631278702364388,25
360,0.1631278702364388,25
361,0.1631278702364388,25
362,0.1631278702364388,25
363,0.1631278702364388,25
364,0.16316245750527217,26
365,0.16316245750527217,26
366,0.16316245750527217,26
367,0.16316245750527217,26
368,0.16316245750527217,26
369,0.16316245750527217,26
370,0.16469601604089712,27
371,0.16469601604089712,27
372,0.16469601604089712,27
373,0.16469601604089712,27
374,0.16469601604089712,27
375,0.16469601604089712,27
376,0.16469601604089712,27
377,0.16469601604089712,27
378,0.16469601604089712,27
379,0.16469601604089712,27
380,0.16469601604089712,27
381,0.16469601604089712,27
382,0.16469601604089712,27
383,0.16469601604089712,27
384,0.16469601604089712,27
385,0.16469601604089712,27
386,0.16536563783255567,28
387,0.16536563783255567,28
388,0.16536563783255567,28
389,0.16536563783255567,28
390,0.16536563783255567,28
391,0.16536563783255567,28
392,0.16536563783255567,28
393,0.16536563783255567,28
394,0.16536563783255567,28
395,0.16729894429585115,29
396,0.16729894429585115,29
397,0.16729894429585115,29
398,0.16729894429585115,29
399,0.16729894429585115,29
400,0.16729894429585115,29
