fold,test_case,test_seed,model,repeat,effective_conductivity_W_mK,random_mean_k_eff_W_mK,heat_path_k_eff_W_mK,teacher_best_k_eff_W_mK,improvement_vs_random_percent,recovered_optimizer_gain_fraction,difference_vs_heat_path_percent,difference_vs_teacher_percent,outperforms_heat_path,selected_count,jaccard_with_teacher_best,inference_time_s,training_time_s,best_epoch
1,packing_seed_18427,18427,mlp,1,0.12956511404570012,0.11123105321461323,0.12185743181780974,0.1789481826350723,16.482861845884432,0.27074480250410177,6.325163851651006,-27.596295118614712,1,50,0.20481927710843373,0.00011141295544803143,5.112616300815716,356
1,packing_seed_18427,18427,mlp,2,0.1290841035323427,0.11123105321461323,0.12185743181780974,0.1789481826350723,16.050419196591758,0.26364157002106486,5.930431658314972,-27.865093888333615,1,50,0.25,0.00011134007945656776,2.8377533538732678,184
1,packing_seed_18427,18427,mlp,3,0.1302521087734693,0.11123105321461323,0.12185743181780974,0.1789481826350723,17.100490383882416,0.2808898682156677,6.888933100289285,-27.212388046940138,1,50,0.25,0.000327100045979023,3.0314846949186176,201
1,packing_seed_18427,18427,mlp,ensemble,0.12986881700830705,0.11123105321461323,0.12185743181780974,0.1789481826350723,16.75589977354026,0.27522967900737494,6.574391952125835,-27.426579529367135,1,50,0.2345679012345679,0.0005498530808836222,10.981854349607602,247.0
1,packing_seed_18427,18427,gnn,1,0.1380249416809041,0.11123105321461323,0.12185743181780974,0.1789481826350723,24.0884965950954,0.3956737194207725,13.267561626661028,-22.868765891645115,1,50,0.2345679012345679,0.001317240996286273,10.36163329007104,37
1,packing_seed_18427,18427,gnn,2,0.13850766681123997,0.11123105321461323,0.12185743181780974,0.1789481826350723,24.522480735661347,0.4028022721882504,13.663700888037877,-22.599008957974377,1,50,0.21951219512195122,0.001302831107750535,4.488954039989039,22
1,packing_seed_18427,18427,gnn,3,0.14170020485089074,0.11123105321461323,0.12185743181780974,0.1789481826350723,27.39266666610558,0.44994747853372535,16.283596935431998,-20.814951700370766,1,50,0.2345679012345679,0.0012964478228241205,8.647471689851955,38
1,packing_seed_18427,18427,gnn,ensemble,0.1403310404420655,0.11123105321461323,0.12185743181780974,0.1789481826350723,26.161747449523574,0.4297286000823956,15.160018021613864,-21.580069506354505,1,50,0.2345679012345679,0.0039165199268609285,23.498059019912034,32.333333333333336
2,packing_seed_29173,29173,mlp,1,0.11669194598647893,0.10194278017026465,0.11045324644557976,0.15600268073055626,14.468082773081381,0.27283005820117856,5.648271772593816,-25.198755918799755,1,50,0.21951219512195122,0.00011157616972923279,2.4195961388759315,151
2,packing_seed_29173,29173,mlp,2,0.11741282448915134,0.10194278017026465,0.11045324644557976,0.15600268073055626,15.175223093826418,0.28616486820269593,6.300926652256034,-24.736662255218743,1,50,0.20481927710843373,0.0001058459747582674,2.813635100843385,167
2,packing_seed_29173,29173,mlp,3,0.11779589643629851,0.10194278017026465,0.11045324644557976,0.15600268073055626,15.550994626157944,0.2932509327935831,6.64774483956565,-24.49110753439392,1,50,0.2345679012345679,0.00010446482338011265,2.1280815980862826,113
2,packing_seed_29173,29173,mlp,ensemble,0.11762681148254175,0.10194278017026465,0.11045324644557976,0.15600268073055626,15.385132018257375,0.2901231994458649,6.494662011131025,-24.599493462741385,1,50,0.20481927710843373,0.00032188696786761284,7.361312837805599,143.66666666666666
2,packing_seed_29173,29173,gnn,1,0.13032089696739302,0.10194278017026465,0.11045324644557976,0.15600268073055626,27.83729926703127,0.5249383832195361,17.987384853918286,-16.462399006796645,1,50,0.26582278481012656,0.0013060399796813726,9.572440230986103,66
2,packing_seed_29173,29173,gnn,2,0.12410772585455639,0.10194278017026465,0.11045324644557976,0.15600268073055626,21.74253600624967,0.41000714863638615,12.362225510233582,-20.445132562233336,1,50,0.2987012987012987,0.0013504179660230875,12.574048429029062,94
2,packing_seed_29173,29173,gnn,3,0.1335734581715833,0.10194278017026465,0.11045324644557976,0.15600268073055626,31.027874606214546,0.5851042579340631,20.932125102719247,-14.377459703857342,1,50,0.3157894736842105,0.0013499080669134855,8.600392099004239,83
2,packing_seed_29173,29173,gnn,ensemble,0.12883628794728336,0.10194278017026465,0.11045324644557976,0.15600268073055626,26.380983265417356,0.4974760866795357,16.643278575574417,-17.41405510216455,1,50,0.28205128205128205,0.004006366012617946,30.746880759019405,81.0
3,packing_seed_37811,37811,mlp,1,0.1351541152117934,0.11316568628849416,0.12509606566159645,0.18101715679338773,19.43029697822356,0.3240670947833533,8.040260496605445,-25.33629540648582,1,50,0.20481927710843373,0.00010880199261009693,4.179057057015598,281
3,packing_seed_37811,37811,mlp,2,0.13821607842226374,0.11316568628849416,0.12509606566159645,0.18101715679338773,22.13603165000777,0.3691945354664481,10.487949953725085,-23.644763363495414,1,50,0.21951219512195122,0.00010555004701018333,2.551641635131091,151
3,packing_seed_37811,37811,mlp,3,0.13781381899543485,0.11316568628849416,0.12509606566159645,0.18101715679338773,21.78057105057889,0.363266006226984,10.166389539573384,-23.866985076594148,1,50,0.21951219512195122,0.00010550604201853275,3.0308422460220754,164
3,packing_seed_37811,37811,mlp,ensemble,0.13884822457652954,0.11316568628849416,0.12509606566159645,0.18101715679338773,22.694633974615485,0.3785111523291615,10.993278519353854,-23.29554444664582,1,50,0.21951219512195122,0.000319858081638813,9.761540938168764,198.66666666666666
3,packing_seed_37811,37811,gnn,1,0.15229758661184356,0.11316568628849416,0.12509606566159645,0.18101715679338773,34.579298378123326,0.5767288465844986,21.744505557697778,-15.86566195729423,1,50,0.21951219512195122,0.0013346010819077492,14.237329246010631,129
3,packing_seed_37811,37811,gnn,2,0.15621346128053995,0.11316568628849416,0.12509606566159645,0.18101715679338773,38.039600521931845,0.6344412976125714,24.87479958252301,-13.702400342724763,1,50,0.21951219512195122,0.0011860679369419813,13.253888151841238,143
3,packing_seed_37811,37811,gnn,3,0.14548014787776253,0.11316568628849416,0.12509606566159645,0.18101715679338773,28.55499988476089,0.47625292935895613,16.294742850912726,-19.63184570188946,1,50,0.21951219512195122,0.001160594169050455,18.41233283211477,147
3,packing_seed_37811,37811,gnn,ensemble,0.15638848645023,0.11316568628849416,0.12509606566159645,0.18101715679338773,38.194263278311794,0.6370208315325834,25.01471219189597,-13.605710519069081,1,50,0.21951219512195122,0.0036812631879001856,45.90355022996664,139.66666666666666
4,packing_seed_46549,46549,mlp,1,0.12972776996815985,0.1121647598751567,0.12153241233901685,0.16918459118522747,15.658224662141107,0.3080158199258158,6.743351400186071,-23.32175816996792,1,50,0.19047619047619047,0.00010740198194980621,4.019551069010049,243
4,packing_seed_46549,46549,mlp,2,0.12911761747661096,0.1121647598751567,0.12153241233901685,0.16918459118522747,15.114245882863187,0.29731511321500653,6.241302210339605,-23.682401232834604,1,50,0.20481927710843373,0.00011675199493765831,3.3949387269094586,211
4,packing_seed_46549,46549,mlp,3,0.12934021813606034,0.1121647598751567,0.12153241233901685,0.16918459118522747,15.312704525040232,0.3012190297004637,6.424463767956379,-23.550828577257676,1,50,0.20481927710843373,0.00011819903738796711,4.369898620992899,325
4,packing_seed_46549,46549,mlp,ensemble,0.12938588336095952,0.1121647598751567,0.12153241233901685,0.16918459118522747,15.353417156128657,0.3020198953615853,6.462038291509642,-23.52383721558622,1,50,0.20481927710843373,0.00034235301427543163,11.784388416912407,259.6666666666667
4,packing_seed_46549,46549,gnn,1,0.14356048314303416,0.1121647598751567,0.12153241233901685,0.16918459118522747,27.99071945843061,0.5506105954110808,18.12526418266891,-15.145651186483889,1,50,0.28205128205128205,0.001165315043181181,8.33656994602643,59
4,packing_seed_46549,46549,gnn,2,0.14377077721911283,0.1121647598751567,0.12153241233901685,0.16918459118522747,28.178206220148596,0.5542986820161623,18.29829956642486,-15.021352587772585,1,50,0.2987012987012987,0.001327581936493516,7.150776739930734,69
4,packing_seed_46549,46549,gnn,3,0.1394535359549674,0.1121647598751567,0.12153241233901685,0.16918459118522747,24.32918869543701,0.4785839497036708,14.74596222607616,-17.573146006960982,1,50,0.25,0.0013582860119640827,6.6722369329072535,55
4,packing_seed_46549,46549,gnn,ensemble,0.14337043337725464,0.1121647598751567,0.12153241233901685,0.16918459118522747,27.821281422820277,0.5472775486199383,17.968886338995915,-15.257983973085853,1,50,0.28205128205128205,0.0038511829916387796,22.159583618864417,61.0
5,packing_seed_55291,55291,mlp,1,0.13278840435615125,0.11329851166994748,0.12601608422575022,0.18219071624693065,17.202249525554425,0.2829041806090689,5.374171219499901,-27.115713088158888,1,50,0.21951219512195122,0.00011169002391397953,2.142698778072372,116
5,packing_seed_55291,55291,mlp,2,0.1352561957237692,0.11329851166994748,0.12601608422575022,0.18219071624693065,19.3803817280382,0.3187252344245313,7.332485813053746,-25.761203144703128,1,50,0.25,0.00011301389895379543,2.267221244983375,132
5,packing_seed_55291,55291,mlp,3,0.13624796953333917,0.11329851166994748,0.12601608422575022,0.18219071624693065,20.255745221302025,0.33312125812067706,8.119507418798344,-25.216842910548397,1,50,0.21951219512195122,0.00011172797530889511,3.6503432400058955,241
5,packing_seed_55291,55291,mlp,ensemble,0.1344519312257234,0.11329851166994748,0.12601608422575022,0.18219071624693065,18.670518477240417,0.30705098908742534,6.6942621267781055,-26.20264413281348,1,50,0.2345679012345679,0.0003364318981766701,8.060263263061643,163.0
5,packing_seed_55291,55291,gnn,1,0.15016946711586882,0.11329851166994748,0.12601608422575022,0.18219071624693065,32.543194877379314,0.5351977872143737,19.166904795144447,-17.575675528747638,1,50,0.3888888888888889,0.0013245500158518553,9.522404412040487,67
5,packing_seed_55291,55291,gnn,2,0.14764981310819988,0.11329851166994748,0.12601608422575022,0.18219071624693065,30.31928745747514,0.4986239248573728,17.167434629768486,-18.95865159886415,1,50,0.3698630136986301,0.0013470971025526524,9.664469992974773,73
5,packing_seed_55291,55291,gnn,3,0.14627702228386696,0.11329851166994748,0.12601608422575022,0.18219071624693065,29.10762915402627,0.47869727520575794,16.078057164369987,-19.71214269468503,1,50,0.3888888888888889,0.001287729013711214,8.08520791400224,70
5,packing_seed_55291,55291,gnn,ensemble,0.14777592975543496,0.11329851166994748,0.12601608422575022,0.18219071624693065,30.430601053193396,0.5004545622714237,17.267514431493748,-18.88942927522821,1,50,0.3698630136986301,0.003959376132115722,27.2720823190175,70.0
6,packing_seed_64109,64109,mlp,1,0.13177976722425264,0.10561517617477682,0.12017572643697158,0.16894686215059884,24.773514562128305,0.4131358678729097,9.655894023962496,-21.999280988844617,1,50,0.25,0.0001090620644390583,2.546231489861384,147
6,packing_seed_64109,64109,mlp,2,0.13177976722425264,0.10561517617477682,0.12017572643697158,0.16894686215059884,24.773514562128305,0.4131358678729097,9.655894023962496,-21.999280988844617,1,50,0.25,0.00010582688264548779,2.9800264150835574,188
6,packing_seed_64109,64109,mlp,3,0.13190127197646612,0.10561517617477682,0.12017572643697158,0.16894686215059884,24.888559346991812,0.41505441386361436,9.756999925974409,-21.927362072644108,1,50,0.25,0.0001162190455943346,2.308173178927973,131
6,packing_seed_64109,64109,mlp,ensemble,0.13190127197646612,0.10561517617477682,0.12017572643697158,0.16894686215059884,24.888559346991812,0.41505441386361436,9.756999925974409,-21.927362072644108,1,50,0.25,0.0003311079926788807,7.834431083872914,155.33333333333334
6,packing_seed_64109,64109,gnn,1,0.1317963709021531,0.10561517617477682,0.12017572643697158,0.16894686215059884,24.789235482645445,0.41339803802746394,9.669710189999293,-21.989453237272837,1,50,0.20481927710843373,0.0013169711455702782,12.35759583604522,144
6,packing_seed_64109,64109,gnn,2,0.13705950999486227,0.10561517617477682,0.12017572643697158,0.16894686215059884,29.77255254306439,0.49650239584794686,14.049246098583579,-18.8741902334429,1,50,0.21951219512195122,0.0013673501089215279,11.892514863982797,82
6,packing_seed_64109,64109,gnn,3,0.13554898525110753,0.10561517617477682,0.12017572643697158,0.16894686215059884,28.342336925892987,0.472651384770626,12.792316110690404,-19.768272979062797,1,50,0.19047619047619047,0.0013589528389275074,9.867421285016462,80
6,packing_seed_64109,64109,gnn,ensemble,0.13155126350809637,0.10561517617477682,0.12017572643697158,0.16894686215059884,24.557159560477682,0.4095278206113304,9.465752700975694,-22.134532814920306,1,50,0.19047619047619047,0.004043274093419313,34.11753198504448,102.0
7,packing_seed_72869,72869,mlp,1,0.13554113913601337,0.11074757091419682,0.12669375068080369,0.17539823277284528,22.38746007442971,0.38350060941409936,6.983287184780007,-22.72377150370154,1,50,0.28205128205128205,0.00010876799933612347,3.5311000959482044,212
7,packing_seed_72869,72869,mlp,2,0.13347655266264807,0.11074757091419682,0.12669375068080369,0.17539823277284528,20.52323275429746,0.35156611077154426,5.353698935737716,-23.90085660925052,1,50,0.26582278481012656,0.00010764296166598797,3.1375590551178902,184
7,packing_seed_72869,72869,mlp,3,0.13321199920611904,0.11074757091419682,0.12669375068080369,0.17539823277284528,20.284353062088222,0.3474740651694829,5.144885592453274,-24.051686781451664,1,50,0.2345679012345679,0.0001124371774494648,3.8987182239070535,246
7,packing_seed_72869,72869,mlp,ensemble,0.133772796245104,0.11074757091419682,0.12669375068080369,0.17539823277284528,20.790727183304348,0.35614833118413064,5.587525451145159,-23.731958908417027,1,50,0.26582278481012656,0.00032884813845157623,10.567377374973148,214.0
7,packing_seed_72869,72869,gnn,1,0.13995857416888535,0.11074757091419682,0.12669375068080369,0.17539823277284528,26.376202216949896,0.4518283713561227,10.469990364008952,-20.205254091617398,1,50,0.35135135135135137,0.001335327047854662,10.514076041989028,62
7,packing_seed_72869,72869,gnn,2,0.14425001379661304,0.11074757091419682,0.12669375068080369,0.17539823277284528,30.251176261349055,0.5182072684060932,13.857244750801613,-17.758570587522204,1,50,0.3333333333333333,0.0012221781071275473,10.097153838956729,62
7,packing_seed_72869,72869,gnn,3,0.14106217436520987,0.11074757091419682,0.12669375068080369,0.17539823277284528,27.372702805824712,0.46889857859912704,11.341067422186013,-19.576057218377642,1,50,0.3333333333333333,0.0014485560823231936,7.452181013068184,58
7,packing_seed_72869,72869,gnn,ensemble,0.14043504218736977,0.11074757091419682,0.12669375068080369,0.17539823277284528,26.806431082965897,0.45919825752258087,10.846068912417262,-19.933604821865924,1,50,0.35135135135135137,0.004006061237305403,28.06341089401394,60.666666666666664
8,packing_seed_81647,81647,mlp,1,0.13519839218731203,0.1147210385116395,0.1246714526770029,0.17497914338563886,17.84969343142313,0.33982737622583703,8.443744966686296,-22.734567348208756,1,50,0.2345679012345679,0.00011485698632895947,3.6875819249544293,227
8,packing_seed_81647,81647,mlp,2,0.1351624632381272,0.1147210385116395,0.1246714526770029,0.17497914338563886,17.818374895912157,0.33923112532714117,8.414926060342198,-22.755100623483536,1,50,0.21951219512195122,0.00010677403770387173,4.792008616961539,400
8,packing_seed_81647,81647,mlp,3,0.13452778756244785,0.1147210385116395,0.1246714526770029,0.17497914338563886,17.26514099573704,0.3286985060719146,7.905847468530425,-23.117815666773346,1,50,0.2345679012345679,0.00012619700282812119,3.2058960360009223,178
8,packing_seed_81647,81647,mlp,ensemble,0.13487174698479348,0.1147210385116395,0.1246714526770029,0.17497914338563886,17.564963440519676,0.3344066082942606,8.181740156840366,-22.921243997893026,1,50,0.2345679012345679,0.0003478280268609524,11.68548657791689,268.3333333333333
8,packing_seed_81647,81647,gnn,1,0.1417412017495074,0.1147210385116395,0.1246714526770029,0.17497914338563886,23.55292768303039,0.4484071195794739,13.691786456301735,-18.99537338737446,1,50,0.17647058823529413,0.0013784379698336124,13.681879914132878,103
8,packing_seed_81647,81647,gnn,2,0.14020749791787698,0.1147210385116395,0.1246714526770029,0.17497914338563886,22.21602919298158,0.42295487817829763,12.461589968895815,-19.871880039513158,1,50,0.19047619047619047,0.0013369328808039427,10.082630222896114,99
8,packing_seed_81647,81647,gnn,3,0.1440334875765175,0.1147210385116395,0.1246714526770029,0.17497914338563886,25.551066696370572,0.4864482400528655,15.530447816050952,-17.685339641262175,1,50,0.19047619047619047,0.0013058818876743317,15.498496067011729,131
8,packing_seed_81647,81647,gnn,ensemble,0.13978476679638407,0.1147210385116395,0.1246714526770029,0.17497914338563886,21.84754305741543,0.415939537712864,12.122513851295658,-20.113469473152822,1,50,0.16279069767441862,0.004021252738311887,39.26300620404072,111.0
9,packing_seed_90439,90439,mlp,1,0.13736160825692703,0.11402077433575278,0.12368911851993511,0.17333630015570636,20.470685326555802,0.3935029420800053,11.053914766793582,-20.754274705565777,1,50,0.17647058823529413,0.00010877102613449097,4.158247700892389,271
9,packing_seed_90439,90439,mlp,2,0.1363973101498335,0.11402077433575278,0.12368911851993511,0.17333630015570636,19.624963910689953,0.37724584760493374,10.274300425101824,-21.310591014513935,1,50,0.19047619047619047,0.00011165114119648933,2.6751925740391016,162
9,packing_seed_90439,90439,mlp,3,0.13710182473034238,0.11402077433575278,0.12368911851993511,0.17333630015570636,20.242846559367923,0.3891232535752924,10.843885356209038,-20.90414725179601,1,50,0.20481927710843373,0.00011757505126297474,2.3545289451722056,126
9,packing_seed_90439,90439,mlp,ensemble,0.13831048942359012,0.11402077433575278,0.12368911851993511,0.17333630015570636,21.302885574441287,0.40950012247326895,11.821064842739947,-20.20685263309122,1,50,0.19047619047619047,0.00033799721859395504,9.187969220103696,186.33333333333334
9,packing_seed_90439,90439,gnn,1,0.14523121938354153,0.11402077433575278,0.12368911851993511,0.17333630015570636,27.372595239429344,0.5261766563871484,17.416326610925314,-16.21419214954877,1,50,0.2345679012345679,0.0013363531325012445,9.648756196955219,34
9,packing_seed_90439,90439,gnn,2,0.15387876678234863,0.11402077433575278,0.12368911851993511,0.17333630015570636,34.95678105923705,0.6719655924079785,24.40768324947502,-11.225307887545322,1,50,0.2345679012345679,0.001340375980362296,8.395102890906855,66
9,packing_seed_90439,90439,gnn,3,0.1592115442921737,0.11402077433575278,0.12368911851993511,0.17333630015570636,39.63380376925816,0.7618708480068617,28.71911951293711,-8.1487581371268,1,50,0.21951219512195122,0.001436720136553049,11.244165500160307,100
9,packing_seed_90439,90439,gnn,ensemble,0.1532022577597695,0.11402077433575278,0.12368911851993511,0.17333630015570636,34.36346021352254,0.6605603319263872,23.86074021141782,-11.615594874155411,1,50,0.2345679012345679,0.00411344924941659,29.28802458802238,66.66666666666667
10,packing_seed_99223,99223,mlp,1,0.12574112846684032,0.10773800078315171,0.1205793320704617,0.16628314269791683,16.710100013758545,0.3075084814022496,4.280830145387005,-24.381313447225583,1,50,0.21951219512195122,0.00011188606731593609,1.912380503024906,84
10,packing_seed_99223,99223,mlp,2,0.12665953031278013,0.10773800078315171,0.1205793320704617,0.16628314269791683,17.562540043519537,0.32319555322243393,5.042487910586035,-23.829001390189084,1,50,0.2345679012345679,0.00011388305574655533,3.734688258031383,233
10,packing_seed_99223,99223,mlp,3,0.12537307139887519,0.10773800078315171,0.1205793320704617,0.16628314269791683,16.368477684320727,0.30122175878227564,3.9755895526210283,-24.60265703142388,1,50,0.25,0.00011688610538840294,4.081593351904303,259
10,packing_seed_99223,99223,mlp,ensemble,0.12686451215006808,0.10773800078315171,0.1205793320704617,0.16628314269791683,17.752799595207836,0.3266968144814191,5.212485400013311,-23.705728619442656,1,50,0.25,0.00034265522845089436,9.728662112960592,192.0
10,packing_seed_99223,99223,gnn,1,0.13429027290053064,0.10773800078315171,0.1205793320704617,0.16628314269791683,24.64522445596673,0.4535350201394324,11.370888024207005,-19.239995875894035,1,50,0.21951219512195122,0.0013259989209473133,7.292932508978993,40
10,packing_seed_99223,99223,gnn,2,0.13697354850866833,0.10773800078315171,0.1205793320704617,0.16628314269791683,27.13578079507908,0.49936761222784565,13.596207705501717,-17.626317204320973,1,50,0.20481927710843373,0.0013231709599494934,9.272436376893893,78
10,packing_seed_99223,99223,gnn,3,0.1365021694272039,0.10773800078315171,0.1205793320704617,0.16628314269791683,26.698257286161176,0.49131606318299553,13.20527911652183,-17.909796980933557,1,50,0.25,0.001333185937255621,9.636733840918168,73
10,packing_seed_99223,99223,gnn,ensemble,0.1376283834674553,0.10773800078315171,0.1205793320704617,0.16628314269791683,27.74358394162619,0.5105527411278715,14.13928166978966,-17.23251002208808,1,50,0.2345679012345679,0.003982355818152428,26.202102726791054,63.666666666666664
