case,method,overlap_floor_ratio,effective_conductivity_W_mK,change_vs_nominal_percent,energy_balance_error
packing_seed_18427,random_near_mean,1e-10,0.2302634543356551,0.0,3.5032215859924464e-13
packing_seed_18427,degree,1e-10,0.23131301358879577,0.0,5.151094093471588e-13
packing_seed_18427,heat_path,1e-10,0.24367558467968223,0.0,3.7318721519583504e-13
packing_seed_18427,swap_optimized,1e-10,0.3450573537238081,0.0,8.660942455789471e-13
packing_seed_18427,mlp,1e-10,0.2804978166086435,0.0,1.340042006965553e-12
packing_seed_18427,gnn,1e-10,0.3007688203169897,0.0,3.4484279675391914e-13
packing_seed_18427,random_near_mean,1e-08,0.2302634543356551,0.0,3.5032215859924464e-13
packing_seed_18427,degree,1e-08,0.23131301358879577,0.0,5.151094093471588e-13
packing_seed_18427,heat_path,1e-08,0.24367558467968223,0.0,3.7318721519583504e-13
packing_seed_18427,swap_optimized,1e-08,0.3450573537238081,0.0,8.660942455789471e-13
packing_seed_18427,mlp,1e-08,0.2804978166086435,0.0,1.340042006965553e-12
packing_seed_18427,gnn,1e-08,0.3007688203169897,0.0,3.4484279675391914e-13
packing_seed_18427,random_near_mean,1e-06,0.23026475437619692,0.0005645883084604009,2.4778505403189397e-12
packing_seed_18427,degree,1e-06,0.23131405198762253,0.00044891500510235716,2.7481323453426558e-12
packing_seed_18427,heat_path,1e-06,0.2436768108939802,0.0005032159047013707,1.7936748556054853e-12
packing_seed_18427,swap_optimized,1e-06,0.34505969351602317,0.0006780879149070884,5.957628289059371e-13
packing_seed_18427,mlp,1e-06,0.28049981282129927,0.0007116678054419623,1.2070552202861504e-13
packing_seed_18427,gnn,1e-06,0.30077122252198235,0.0007986881719102001,1.4729810522923146e-12
packing_seed_29173,random_near_mean,1e-10,0.24254433312307164,0.0,1.2065625585152855e-12
packing_seed_29173,degree,1e-10,0.2405583187835307,0.0,3.4541674520725227e-13
packing_seed_29173,heat_path,1e-10,0.2538622104416306,0.0,5.962798553329842e-13
packing_seed_29173,swap_optimized,1e-10,0.3646634528079009,0.0,3.5003286674896226e-13
packing_seed_29173,mlp,1e-10,0.27661925238161406,0.0,1.2662160268127093e-12
packing_seed_29173,gnn,1e-10,0.29059592185945016,0.0,1.7845735843576635e-13
packing_seed_29173,random_near_mean,1e-08,0.24254433312307164,0.0,1.2065625585152855e-12
packing_seed_29173,degree,1e-08,0.2405583187835307,0.0,3.4541674520725227e-13
packing_seed_29173,heat_path,1e-08,0.2538622104416306,0.0,5.962798553329842e-13
packing_seed_29173,swap_optimized,1e-08,0.3646634528079009,0.0,3.5003286674896226e-13
packing_seed_29173,mlp,1e-08,0.27661925238161406,0.0,1.2662160268127093e-12
packing_seed_29173,gnn,1e-08,0.29059592185945016,0.0,1.7845735843576635e-13
packing_seed_29173,random_near_mean,1e-06,0.24254433312307164,0.0,1.2065625585152855e-12
packing_seed_29173,degree,1e-06,0.2405583187835307,0.0,3.4541674520725227e-13
packing_seed_29173,heat_path,1e-06,0.2538622104416306,0.0,5.962798553329842e-13
packing_seed_29173,swap_optimized,1e-06,0.3646634528079009,0.0,3.5003286674896226e-13
packing_seed_29173,mlp,1e-06,0.27661925238161406,0.0,1.2662160268127093e-12
packing_seed_29173,gnn,1e-06,0.29059592185945016,0.0,1.7845735843576635e-13
packing_seed_37811,random_near_mean,1e-10,0.23508394417526196,0.0,8.86591572525788e-13
packing_seed_37811,degree,1e-10,0.23919513964909708,0.0,3.633095669167615e-14
packing_seed_37811,heat_path,1e-10,0.2543861817848038,0.0,2.3524782676097494e-12
packing_seed_37811,swap_optimized,1e-10,0.36363465123763283,0.0,9.658569005780665e-13
packing_seed_37811,mlp,1e-10,0.2867411627403145,0.0,1.3039767669147082e-12
packing_seed_37811,gnn,1e-10,0.3192610393144542,0.0,3.2433857891061635e-13
packing_seed_37811,random_near_mean,1e-08,0.23508394417526196,0.0,8.86591572525788e-13
packing_seed_37811,degree,1e-08,0.23919513964909708,0.0,3.633095669167615e-14
packing_seed_37811,heat_path,1e-08,0.2543861817848038,0.0,2.3524782676097494e-12
packing_seed_37811,swap_optimized,1e-08,0.36363465123763283,0.0,9.658569005780665e-13
packing_seed_37811,mlp,1e-08,0.2867411627403145,0.0,1.3039767669147082e-12
packing_seed_37811,gnn,1e-08,0.3192610393144542,0.0,3.2433857891061635e-13
packing_seed_37811,random_near_mean,1e-06,0.23508452958715823,0.0002490224920714823,6.305862355806239e-13
packing_seed_37811,degree,1e-06,0.2391958056997861,0.0002784549426815275,2.978422409243562e-13
packing_seed_37811,heat_path,1e-06,0.2543867555072998,0.00022553209924058848,2.1583745328224672e-13
packing_seed_37811,swap_optimized,1e-06,0.363634974507571,8.889965161795743e-05,2.469264353990728e-12
packing_seed_37811,mlp,1e-06,0.286741392102674,7.99893385750039e-05,3.337674053262525e-13
packing_seed_37811,gnn,1e-06,0.3192615387748194,0.00015644262960634592,1.2232936201116546e-12
packing_seed_46549,random_near_mean,1e-10,0.22672206045825166,0.0,1.4632486914736859e-12
packing_seed_46549,degree,1e-10,0.2292657076623281,0.0,1.4288004817040108e-13
packing_seed_46549,heat_path,1e-10,0.24494262860217544,0.0,6.989718190214785e-13
packing_seed_46549,swap_optimized,1e-10,0.3654591455210398,0.0,1.83699126473466e-12
packing_seed_46549,mlp,1e-10,0.2708556368108633,0.0,1.938386103231841e-12
packing_seed_46549,gnn,1e-10,0.3148885565985241,0.0,3.313511612945038e-13
packing_seed_46549,random_near_mean,1e-08,0.22672206045825166,0.0,1.4632486914736859e-12
packing_seed_46549,degree,1e-08,0.2292657076623281,0.0,1.4288004817040108e-13
packing_seed_46549,heat_path,1e-08,0.24494262860217544,0.0,6.989718190214785e-13
packing_seed_46549,swap_optimized,1e-08,0.3654591455210398,0.0,1.83699126473466e-12
packing_seed_46549,mlp,1e-08,0.2708556368108633,0.0,1.938386103231841e-12
packing_seed_46549,gnn,1e-08,0.3148885565985241,0.0,3.313511612945038e-13
packing_seed_46549,random_near_mean,1e-06,0.22672206045825166,0.0,1.4632486914736859e-12
packing_seed_46549,degree,1e-06,0.2292657076623281,0.0,1.4288004817040108e-13
packing_seed_46549,heat_path,1e-06,0.24494262860217544,0.0,6.989718190214785e-13
packing_seed_46549,swap_optimized,1e-06,0.3654591455210398,0.0,1.83699126473466e-12
packing_seed_46549,mlp,1e-06,0.2708556368108633,0.0,1.938386103231841e-12
packing_seed_46549,gnn,1e-06,0.3148885565985241,0.0,3.313511612945038e-13
packing_seed_55291,random_near_mean,1e-10,0.2322798793552138,0.0,7.053727900229811e-13
packing_seed_55291,degree,1e-10,0.22862247953429204,0.0,2.1342976805375786e-12
packing_seed_55291,heat_path,1e-10,0.2536642049065472,0.0,2.5409225794250527e-12
packing_seed_55291,swap_optimized,1e-10,0.35839950304131096,0.0,1.4231853076422147e-12
packing_seed_55291,mlp,1e-10,0.28965698002117846,0.0,1.274680628830073e-12
packing_seed_55291,gnn,1e-10,0.30487777794858717,0.0,3.081746641662205e-13
packing_seed_55291,random_near_mean,1e-08,0.2322798793552138,0.0,7.053727900229811e-13
packing_seed_55291,degree,1e-08,0.22862247953429204,0.0,2.1342976805375786e-12
packing_seed_55291,heat_path,1e-08,0.2536642049065472,0.0,2.5409225794250527e-12
packing_seed_55291,swap_optimized,1e-08,0.35839950304131096,0.0,1.4231853076422147e-12
packing_seed_55291,mlp,1e-08,0.28965698002117846,0.0,1.274680628830073e-12
packing_seed_55291,gnn,1e-08,0.30487777794858717,0.0,3.081746641662205e-13
packing_seed_55291,random_near_mean,1e-06,0.23227988627690813,2.9798940648362304e-06,5.1017145338646516e-14
packing_seed_55291,degree,1e-06,0.2286224795397074,2.368683027498264e-09,1.2567106094830206e-12
packing_seed_55291,heat_path,1e-06,0.2536642049137139,2.825273348605606e-09,3.868889427312522e-12
packing_seed_55291,swap_optimized,1e-06,0.358399504591964,4.326604852167293e-07,1.712577334245888e-12
packing_seed_55291,mlp,1e-06,0.28965698029375014,9.410154877542709e-08,1.135776869799136e-13
packing_seed_55291,gnn,1e-06,0.3048777783479111,1.309783614900084e-07,2.361746972739767e-13
packing_seed_64109,random_near_mean,1e-10,0.2216441412832808,0.0,7.212715173604651e-13
packing_seed_64109,degree,1e-10,0.2204002933078917,0.0,7.691237534618504e-13
packing_seed_64109,heat_path,1e-10,0.23423184403431305,0.0,2.498280987702788e-13
packing_seed_64109,swap_optimized,1e-10,0.3416668231921001,0.0,6.847545901369749e-13
packing_seed_64109,mlp,1e-10,0.26679984781358673,0.0,1.0755084918329642e-12
packing_seed_64109,gnn,1e-10,0.27133202937880324,0.0,1.3763667224832295e-12
packing_seed_64109,random_near_mean,1e-08,0.2216441412832808,0.0,7.212715173604651e-13
packing_seed_64109,degree,1e-08,0.2204002933078917,0.0,7.691237534618504e-13
packing_seed_64109,heat_path,1e-08,0.23423184403431305,0.0,2.498280987702788e-13
packing_seed_64109,swap_optimized,1e-08,0.3416668231921001,0.0,6.847545901369749e-13
packing_seed_64109,mlp,1e-08,0.26679984781358673,0.0,1.0755084918329642e-12
packing_seed_64109,gnn,1e-08,0.27133202937880324,0.0,1.3763667224832295e-12
packing_seed_64109,random_near_mean,1e-06,0.22164473355994518,0.00026721963457543296,2.44119077429357e-12
packing_seed_64109,degree,1e-06,0.22040059319116692,0.00013606301094704065,1.17288652484344e-12
packing_seed_64109,heat_path,1e-06,0.23423231537409075,0.00020122788155774174,2.0181347850438067e-12
packing_seed_64109,swap_optimized,1e-06,0.3416674246660126,0.00017604106445912038,1.0028515561590233e-12
packing_seed_64109,mlp,1e-06,0.26680053950104604,0.0002592533185463708,4.272412037700658e-13
packing_seed_64109,gnn,1e-06,0.2713326238226619,0.00021908355603006413,2.1610449199821034e-12
packing_seed_72869,random_near_mean,1e-10,0.23404772297644477,0.0,6.015539650263867e-14
packing_seed_72869,degree,1e-10,0.23590968373297702,0.0,9.687633913471101e-15
packing_seed_72869,heat_path,1e-10,0.2485467952529345,0.0,1.9934016444356019e-13
packing_seed_72869,swap_optimized,1e-10,0.354651217746143,0.0,2.3679269961223945e-12
packing_seed_72869,mlp,1e-10,0.2748787141535738,0.0,3.303728613214019e-12
packing_seed_72869,gnn,1e-10,0.2948322412994541,0.0,2.0584669798599035e-12
packing_seed_72869,random_near_mean,1e-08,0.23404772297644477,0.0,6.015539650263867e-14
packing_seed_72869,degree,1e-08,0.23590968373297702,0.0,9.687633913471101e-15
packing_seed_72869,heat_path,1e-08,0.2485467952529345,0.0,1.9934016444356019e-13
packing_seed_72869,swap_optimized,1e-08,0.354651217746143,0.0,2.3679269961223945e-12
packing_seed_72869,mlp,1e-08,0.2748787141535738,0.0,3.303728613214019e-12
packing_seed_72869,gnn,1e-08,0.2948322412994541,0.0,2.0584669798599035e-12
packing_seed_72869,random_near_mean,1e-06,0.2340479809594384,0.00011022666246418567,3.5336133039723433e-12
packing_seed_72869,degree,1e-06,0.2359103329972791,0.0002752173169806582,7.174809370585076e-13
packing_seed_72869,heat_path,1e-06,0.24854731687502327,0.00020986876465567406,1.3060385983971743e-12
packing_seed_72869,swap_optimized,1e-06,0.35465154087557504,9.111189132049446e-05,3.4705803373793873e-12
packing_seed_72869,mlp,1e-06,0.2748789553111419,8.773235455894479e-05,3.04855072792197e-12
packing_seed_72869,gnn,1e-06,0.294832845327156,0.0002048716582603305,5.315063776754481e-13
packing_seed_81647,random_near_mean,1e-10,0.23217941826241548,0.0,2.466045044025066e-12
packing_seed_81647,degree,1e-10,0.23374118347610406,0.0,3.7673589249314836e-13
packing_seed_81647,heat_path,1e-10,0.24730768743241782,0.0,1.0124189753275097e-12
packing_seed_81647,swap_optimized,1e-10,0.3444228363207201,0.0,4.474435225224769e-13
packing_seed_81647,mlp,1e-10,0.27423106659687324,0.0,1.0247576143439846e-13
packing_seed_81647,gnn,1e-10,0.3016549977840959,0.0,2.8572663415029664e-12
packing_seed_81647,random_near_mean,1e-08,0.23217941826241548,0.0,2.466045044025066e-12
packing_seed_81647,degree,1e-08,0.23374118347610406,0.0,3.7673589249314836e-13
packing_seed_81647,heat_path,1e-08,0.24730768743241782,0.0,1.0124189753275097e-12
packing_seed_81647,swap_optimized,1e-08,0.3444228363207201,0.0,4.474435225224769e-13
packing_seed_81647,mlp,1e-08,0.27423106659687324,0.0,1.0247576143439846e-13
packing_seed_81647,gnn,1e-08,0.3016549977840959,0.0,2.8572663415029664e-12
packing_seed_81647,random_near_mean,1e-06,0.23218068043962922,0.0005436214903120629,8.109116011108466e-13
packing_seed_81647,degree,1e-06,0.23374334047083323,0.0009228133001970562,6.915411762302146e-13
packing_seed_81647,heat_path,1e-06,0.24730927234941324,0.0006408684711356472,1.3278644283633023e-12
packing_seed_81647,swap_optimized,1e-06,0.34442392566580404,0.0003162813173362977,6.746856821868941e-13
packing_seed_81647,mlp,1e-06,0.27423241204235455,0.0004906247486946569,8.877073612101591e-13
packing_seed_81647,gnn,1e-06,0.3016569817788253,0.0006577032517274262,1.2901948636554477e-12
packing_seed_90439,random_near_mean,1e-10,0.23831927990218782,0.0,2.0699511110054804e-12
packing_seed_90439,degree,1e-10,0.2351648506694014,0.0,5.433859180311705e-13
packing_seed_90439,heat_path,1e-10,0.2493493020376197,0.0,2.0457130528268016e-12
packing_seed_90439,swap_optimized,1e-10,0.34575586233233463,0.0,1.5104812365341167e-12
packing_seed_90439,mlp,1e-10,0.285383830953973,0.0,9.833260843458882e-13
packing_seed_90439,gnn,1e-10,0.3093127260314777,0.0,5.022464629220389e-13
packing_seed_90439,random_near_mean,1e-08,0.23831927990218782,0.0,2.0699511110054804e-12
packing_seed_90439,degree,1e-08,0.2351648506694014,0.0,5.433859180311705e-13
packing_seed_90439,heat_path,1e-08,0.2493493020376197,0.0,2.0457130528268016e-12
packing_seed_90439,swap_optimized,1e-08,0.34575586233233463,0.0,1.5104812365341167e-12
packing_seed_90439,mlp,1e-08,0.285383830953973,0.0,9.833260843458882e-13
packing_seed_90439,gnn,1e-08,0.3093127260314777,0.0,5.022464629220389e-13
packing_seed_90439,random_near_mean,1e-06,0.23831927990218782,0.0,2.0699511110054804e-12
packing_seed_90439,degree,1e-06,0.2351648506694014,0.0,5.433859180311705e-13
packing_seed_90439,heat_path,1e-06,0.2493493020376197,0.0,2.0457130528268016e-12
packing_seed_90439,swap_optimized,1e-06,0.34575586233233463,0.0,1.5104812365341167e-12
packing_seed_90439,mlp,1e-06,0.285383830953973,0.0,9.833260843458882e-13
packing_seed_90439,gnn,1e-06,0.3093127260314777,0.0,5.022464629220389e-13
packing_seed_99223,random_near_mean,1e-10,0.2152139774964773,0.0,1.41065322370339e-12
packing_seed_99223,degree,1e-10,0.21891713831697857,0.0,2.1716938984291037e-13
packing_seed_99223,heat_path,1e-10,0.2308471363983339,0.0,1.2598776933491193e-12
packing_seed_99223,swap_optimized,1e-10,0.3276790101517193,0.0,1.7320940596939292e-12
packing_seed_99223,mlp,1e-10,0.23903662030150544,0.0,1.9997638163550293e-12
packing_seed_99223,gnn,1e-10,0.262636290645361,0.0,2.557252865767092e-12
packing_seed_99223,random_near_mean,1e-08,0.2152139774964773,0.0,1.41065322370339e-12
packing_seed_99223,degree,1e-08,0.21891713831697857,0.0,2.1716938984291037e-13
packing_seed_99223,heat_path,1e-08,0.2308471363983339,0.0,1.2598776933491193e-12
packing_seed_99223,swap_optimized,1e-08,0.3276790101517193,0.0,1.7320940596939292e-12
packing_seed_99223,mlp,1e-08,0.23903662030150544,0.0,1.9997638163550293e-12
packing_seed_99223,gnn,1e-08,0.262636290645361,0.0,2.557252865767092e-12
packing_seed_99223,random_near_mean,1e-06,0.21521397749647886,7.327471962526033e-13,1.4034426356640139e-12
packing_seed_99223,degree,1e-06,0.21891713831697857,0.0,2.1716938984291037e-13
packing_seed_99223,heat_path,1e-06,0.2308471363983339,0.0,1.2598776933491193e-12
packing_seed_99223,swap_optimized,1e-06,0.3276790101517238,1.3766765505351941e-12,1.7184894235122011e-12
packing_seed_99223,mlp,1e-06,0.23903662030150544,0.0,1.9997638163550293e-12
packing_seed_99223,gnn,1e-06,0.262636290645361,0.0,2.557252865767092e-12
packing_seed_108301,random_near_mean,1e-10,0.2325897234457322,0.0,3.2076150828948493e-12
packing_seed_108301,degree,1e-10,0.22954296714079495,0.0,8.124860941631433e-13
packing_seed_108301,heat_path,1e-10,0.24883877867165186,0.0,9.717201961860255e-14
packing_seed_108301,swap_optimized,1e-10,0.3606491252962163,0.0,2.4665504739243915e-12
packing_seed_108301,mlp,1e-10,0.27439892834999735,0.0,2.0174141401113873e-12
packing_seed_108301,gnn,1e-10,0.3161144048929665,0.0,1.0544625216813324e-12
packing_seed_108301,random_near_mean,1e-08,0.2325897234457322,0.0,3.2076150828948493e-12
packing_seed_108301,degree,1e-08,0.22954296714079495,0.0,8.124860941631433e-13
packing_seed_108301,heat_path,1e-08,0.24883877867165186,0.0,9.717201961860255e-14
packing_seed_108301,swap_optimized,1e-08,0.3606491252962163,0.0,2.4665504739243915e-12
packing_seed_108301,mlp,1e-08,0.27439892834999735,0.0,2.0174141401113873e-12
packing_seed_108301,gnn,1e-08,0.3161144048929665,0.0,1.0544625216813324e-12
packing_seed_108301,random_near_mean,1e-06,0.232589723445736,1.6431300764452317e-12,3.191238559326632e-12
packing_seed_108301,degree,1e-06,0.22954296714079025,-2.042810365310288e-12,7.920817535230563e-13
packing_seed_108301,heat_path,1e-06,0.24883877867165186,0.0,9.717201961860255e-14
packing_seed_108301,swap_optimized,1e-06,0.3606491252962163,0.0,2.4665504739243915e-12
packing_seed_108301,mlp,1e-06,0.27439892834999735,0.0,2.0174141401113873e-12
packing_seed_108301,gnn,1e-06,0.3161144048929665,0.0,1.0544625216813324e-12
packing_seed_117307,random_near_mean,1e-10,0.22687718895605574,0.0,9.04484696916652e-13
packing_seed_117307,degree,1e-10,0.223407184574685,0.0,5.060584433704763e-13
packing_seed_117307,heat_path,1e-10,0.2417472563213092,0.0,3.6180836905625084e-14
packing_seed_117307,swap_optimized,1e-10,0.3391766861579462,0.0,4.091607642358099e-12
packing_seed_117307,mlp,1e-10,0.2672523329021978,0.0,2.889982589187858e-12
packing_seed_117307,gnn,1e-10,0.28759598977519524,0.0,5.7413603033209365e-12
packing_seed_117307,random_near_mean,1e-08,0.22687718895605574,0.0,9.04484696916652e-13
packing_seed_117307,degree,1e-08,0.223407184574685,0.0,5.060584433704763e-13
packing_seed_117307,heat_path,1e-08,0.2417472563213092,0.0,3.6180836905625084e-14
packing_seed_117307,swap_optimized,1e-08,0.3391766861579462,0.0,4.091607642358099e-12
packing_seed_117307,mlp,1e-08,0.2672523329021978,0.0,2.889982589187858e-12
packing_seed_117307,gnn,1e-08,0.28759598977519524,0.0,5.7413603033209365e-12
packing_seed_117307,random_near_mean,1e-06,0.22687718895605574,0.0,9.04484696916652e-13
packing_seed_117307,degree,1e-06,0.223407184574685,0.0,5.060584433704763e-13
packing_seed_117307,heat_path,1e-06,0.2417472563213092,0.0,3.6180836905625084e-14
packing_seed_117307,swap_optimized,1e-06,0.3391766861579462,0.0,4.091607642358099e-12
packing_seed_117307,mlp,1e-06,0.2672523329021978,0.0,2.889982589187858e-12
packing_seed_117307,gnn,1e-06,0.28759598977519524,0.0,5.7413603033209365e-12
packing_seed_126323,random_near_mean,1e-10,0.22723685293706009,0.0,3.1560296726117988e-12
packing_seed_126323,degree,1e-10,0.2332958481188258,0.0,2.6251326718947463e-12
packing_seed_126323,heat_path,1e-10,0.2464411277113596,0.0,3.8869151436744247e-13
packing_seed_126323,swap_optimized,1e-10,0.3407547956296546,0.0,1.1835599736880266e-12
packing_seed_126323,mlp,1e-10,0.26339593356008323,0.0,1.5960837315009297e-12
packing_seed_126323,gnn,1e-10,0.3135839562961448,0.0,7.212442134880965e-13
packing_seed_126323,random_near_mean,1e-08,0.22723685293706009,0.0,3.1560296726117988e-12
packing_seed_126323,degree,1e-08,0.2332958481188258,0.0,2.6251326718947463e-12
packing_seed_126323,heat_path,1e-08,0.2464411277113596,0.0,3.8869151436744247e-13
packing_seed_126323,swap_optimized,1e-08,0.3407547956296546,0.0,1.1835599736880266e-12
packing_seed_126323,mlp,1e-08,0.26339593356008323,0.0,1.5960837315009297e-12
packing_seed_126323,gnn,1e-08,0.3135839562961448,0.0,7.212442134880965e-13
packing_seed_126323,random_near_mean,1e-06,0.22723689297157135,1.7617965908378608e-05,2.245402098681997e-12
packing_seed_126323,degree,1e-06,0.2332958483876353,1.1522258702711952e-07,4.261698377660079e-12
packing_seed_126323,heat_path,1e-06,0.2464411400215968,4.99520405039533e-06,2.1254956123011e-12
packing_seed_126323,swap_optimized,1e-06,0.3407547967552247,3.30316729524327e-07,5.69175264604912e-13
packing_seed_126323,mlp,1e-06,0.2633959367950348,1.2281706540662185e-06,2.1901696358022295e-12
packing_seed_126323,gnn,1e-06,0.3135839756259087,6.16414312926139e-06,5.222182082145264e-13
packing_seed_135347,random_near_mean,1e-10,0.23141223867205013,0.0,3.598001616777433e-13
packing_seed_135347,degree,1e-10,0.2369809663594544,0.0,4.501649520324102e-13
packing_seed_135347,heat_path,1e-10,0.24254090442691667,0.0,4.3461062883529683e-13
packing_seed_135347,swap_optimized,1e-10,0.35303520859310933,0.0,1.697200553842048e-12
packing_seed_135347,mlp,1e-10,0.2845460297033303,0.0,7.514161743236906e-13
packing_seed_135347,gnn,1e-10,0.28257876592786,0.0,8.782621465709453e-13
packing_seed_135347,random_near_mean,1e-08,0.23141223867205013,0.0,3.598001616777433e-13
packing_seed_135347,degree,1e-08,0.2369809663594544,0.0,4.501649520324102e-13
packing_seed_135347,heat_path,1e-08,0.24254090442691667,0.0,4.3461062883529683e-13
packing_seed_135347,swap_optimized,1e-08,0.35303520859310933,0.0,1.697200553842048e-12
packing_seed_135347,mlp,1e-08,0.2845460297033303,0.0,7.514161743236906e-13
packing_seed_135347,gnn,1e-08,0.28257876592786,0.0,8.782621465709453e-13
packing_seed_135347,random_near_mean,1e-06,0.23141223905126845,1.638713387208668e-07,2.3505887175887243e-12
packing_seed_135347,degree,1e-06,0.2369809890039601,9.555411173423067e-06,1.1991697867280805e-12
packing_seed_135347,heat_path,1e-06,0.24254092349544643,7.861985085177992e-06,1.172029373999662e-12
packing_seed_135347,swap_optimized,1e-06,0.35303520888726797,8.332274870070933e-08,1.1863460633006462e-12
packing_seed_135347,mlp,1e-06,0.28454604609405076,5.7603054548494015e-06,4.3415154237700766e-12
packing_seed_135347,gnn,1e-06,0.2825787672648383,4.73134731393543e-07,7.911947722262024e-13
packing_seed_144359,random_near_mean,1e-10,0.22530765284486137,0.0,3.619098203950748e-14
packing_seed_144359,degree,1e-10,0.22821420070428072,0.0,7.882865412147854e-13
packing_seed_144359,heat_path,1e-10,0.2398117749422041,0.0,3.0825437999048487e-13
packing_seed_144359,swap_optimized,1e-10,0.33854033659033156,0.0,8.881007943907452e-13
packing_seed_144359,mlp,1e-10,0.2708661182785491,0.0,1.8135208602554052e-12
packing_seed_144359,gnn,1e-10,0.288242957403472,0.0,2.6068950382758095e-12
packing_seed_144359,random_near_mean,1e-08,0.22530765284486137,0.0,3.619098203950748e-14
packing_seed_144359,degree,1e-08,0.22821420070428072,0.0,7.882865412147854e-13
packing_seed_144359,heat_path,1e-08,0.2398117749422041,0.0,3.0825437999048487e-13
packing_seed_144359,swap_optimized,1e-08,0.33854033659033156,0.0,8.881007943907452e-13
packing_seed_144359,mlp,1e-08,0.2708661182785491,0.0,1.8135208602554052e-12
packing_seed_144359,gnn,1e-08,0.288242957403472,0.0,2.6068950382758095e-12
packing_seed_144359,random_near_mean,1e-06,0.22530802890855436,0.0001669111937552259,2.209148956826845e-12
packing_seed_144359,degree,1e-06,0.22821466611598104,0.00020393634527771098,9.450517616929766e-13
packing_seed_144359,heat_path,1e-06,0.2398121834033503,0.0001703257257901214,1.362787939672614e-12
packing_seed_144359,swap_optimized,1e-06,0.33854063028203424,8.675235148025706e-05,9.934452219791662e-14
packing_seed_144359,mlp,1e-06,0.2708662259093627,3.973579798532967e-05,1.0433209488007628e-12
packing_seed_144359,gnn,1e-06,0.28824305344885515,3.3320981729367816e-05,1.7646848937391943e-12
packing_seed_153371,random_near_mean,1e-10,0.23951016083041196,0.0,1.8942642822455315e-13
packing_seed_153371,degree,1e-10,0.23860868501249696,0.0,1.9665753201226253e-12
packing_seed_153371,heat_path,1e-10,0.2579835076708057,0.0,1.348277076676506e-12
packing_seed_153371,swap_optimized,1e-10,0.3573692903904852,0.0,8.604151369147267e-13
packing_seed_153371,mlp,1e-10,0.27653084684063084,0.0,3.6690579216740906e-13
packing_seed_153371,gnn,1e-10,0.30967033988575626,0.0,8.808774640063072e-13
packing_seed_153371,random_near_mean,1e-08,0.23951016083041196,0.0,1.8942642822455315e-13
packing_seed_153371,degree,1e-08,0.23860868501249696,0.0,1.9665753201226253e-12
packing_seed_153371,heat_path,1e-08,0.2579835076708057,0.0,1.348277076676506e-12
packing_seed_153371,swap_optimized,1e-08,0.3573692903904852,0.0,8.604151369147267e-13
packing_seed_153371,mlp,1e-08,0.27653084684063084,0.0,3.6690579216740906e-13
packing_seed_153371,gnn,1e-08,0.30967033988575626,0.0,8.808774640063072e-13
packing_seed_153371,random_near_mean,1e-06,0.23951016083041196,0.0,1.6751516227320924e-13
packing_seed_153371,degree,1e-06,0.23860868501249696,0.0,1.9665753201226253e-12
packing_seed_153371,heat_path,1e-06,0.2579835076708057,0.0,1.348277076676506e-12
packing_seed_153371,swap_optimized,1e-06,0.3573692903904852,0.0,8.604151369147267e-13
packing_seed_153371,mlp,1e-06,0.27653084684063084,0.0,3.6690579216740906e-13
packing_seed_153371,gnn,1e-06,0.30967033988575626,0.0,8.808774640063072e-13
packing_seed_162389,random_near_mean,1e-10,0.23362604379512078,0.0,8.96954963649999e-13
packing_seed_162389,degree,1e-10,0.23409641711101317,0.0,1.9404818170263388e-14
packing_seed_162389,heat_path,1e-10,0.24980016250907847,0.0,6.103811205170875e-13
packing_seed_162389,swap_optimized,1e-10,0.3561051579934258,0.0,2.1890196065228923e-12
packing_seed_162389,mlp,1e-10,0.273631426103909,0.0,3.7079355563574666e-13
packing_seed_162389,gnn,1e-10,0.3017291728017201,0.0,4.957935695115177e-13
packing_seed_162389,random_near_mean,1e-08,0.23362604379512078,0.0,8.96954963649999e-13
packing_seed_162389,degree,1e-08,0.23409641711101317,0.0,1.9404818170263388e-14
packing_seed_162389,heat_path,1e-08,0.24980016250907847,0.0,6.103811205170875e-13
packing_seed_162389,swap_optimized,1e-08,0.3561051579934258,0.0,2.1890196065228923e-12
packing_seed_162389,mlp,1e-08,0.273631426103909,0.0,3.7079355563574666e-13
packing_seed_162389,gnn,1e-08,0.3017291728017201,0.0,4.957935695115177e-13
packing_seed_162389,random_near_mean,1e-06,0.23362604379512078,0.0,8.96954963649999e-13
packing_seed_162389,degree,1e-06,0.23409641711101317,0.0,1.9404818170263388e-14
packing_seed_162389,heat_path,1e-06,0.24980016250907847,0.0,6.103811205170875e-13
packing_seed_162389,swap_optimized,1e-06,0.3561051579934258,0.0,2.1890196065228923e-12
packing_seed_162389,mlp,1e-06,0.273631426103909,0.0,3.7079355563574666e-13
packing_seed_162389,gnn,1e-06,0.3017291728017201,0.0,4.957935695115177e-13
packing_seed_171401,random_near_mean,1e-10,0.2215418781066376,0.0,4.73525859905066e-12
packing_seed_171401,degree,1e-10,0.22757247135011,0.0,1.7084723719565264e-13
packing_seed_171401,heat_path,1e-10,0.24550730760065698,0.0,1.4211610197978415e-12
packing_seed_171401,swap_optimized,1e-10,0.33738168415592656,0.0,5.300406786834215e-13
packing_seed_171401,mlp,1e-10,0.25353663955704625,0.0,1.597500252315884e-12
packing_seed_171401,gnn,1e-10,0.29294471075993384,0.0,4.295637905662052e-14
packing_seed_171401,random_near_mean,1e-08,0.2215418781066376,0.0,4.73525859905066e-12
packing_seed_171401,degree,1e-08,0.22757247135011,0.0,1.7084723719565264e-13
packing_seed_171401,heat_path,1e-08,0.24550730760065698,0.0,1.4211610197978415e-12
packing_seed_171401,swap_optimized,1e-08,0.33738168415592656,0.0,5.300406786834215e-13
packing_seed_171401,mlp,1e-08,0.25353663955704625,0.0,1.597500252315884e-12
packing_seed_171401,gnn,1e-08,0.29294471075993384,0.0,4.295637905662052e-14
packing_seed_171401,random_near_mean,1e-06,0.2215418781066376,0.0,4.744300942197187e-12
packing_seed_171401,degree,1e-06,0.22757247135011,0.0,1.448110109176542e-13
packing_seed_171401,heat_path,1e-06,0.24550730760065698,0.0,1.4047267624930469e-12
packing_seed_171401,swap_optimized,1e-06,0.33738168415592656,0.0,5.358947095303478e-13
packing_seed_171401,mlp,1e-06,0.25353663955704625,0.0,1.5259438146816717e-12
packing_seed_171401,gnn,1e-06,0.29294471075993384,0.0,4.9891041146478196e-14
packing_seed_180413,random_near_mean,1e-10,0.22100009413323632,0.0,2.0199814902103414e-12
packing_seed_180413,degree,1e-10,0.22297236664155223,0.0,5.52726204227046e-13
packing_seed_180413,heat_path,1e-10,0.23643944241431497,0.0,1.0047791936139675e-13
packing_seed_180413,swap_optimized,1e-10,0.34443469617007993,0.0,1.599502268203373e-12
packing_seed_180413,mlp,1e-10,0.27410412982015864,0.0,4.401498781535167e-12
packing_seed_180413,gnn,1e-10,0.2929698386881824,0.0,3.7781036169400445e-12
packing_seed_180413,random_near_mean,1e-08,0.22100009413323632,0.0,2.0199814902103414e-12
packing_seed_180413,degree,1e-08,0.22297236664155223,0.0,5.52726204227046e-13
packing_seed_180413,heat_path,1e-08,0.23643944241431497,0.0,1.0047791936139675e-13
packing_seed_180413,swap_optimized,1e-08,0.34443469617007993,0.0,1.599502268203373e-12
packing_seed_180413,mlp,1e-08,0.27410412982015864,0.0,4.401498781535167e-12
packing_seed_180413,gnn,1e-08,0.2929698386881824,0.0,3.7781036169400445e-12
packing_seed_180413,random_near_mean,1e-06,0.22100022057893437,5.721522362556186e-05,1.3461428799579483e-12
packing_seed_180413,degree,1e-06,0.2229725307679205,7.360838956138593e-05,9.485422566664747e-13
packing_seed_180413,heat_path,1e-06,0.2364394962552092,2.277153663410303e-05,7.491689241186965e-13
packing_seed_180413,swap_optimized,1e-06,0.34443483761730104,4.1066484501861567e-05,4.050443340896036e-12
packing_seed_180413,mlp,1e-06,0.27410420792994716,2.8496392445731544e-05,3.040286037547702e-12
packing_seed_180413,gnn,1e-06,0.292969936431526,3.3362937323921926e-05,4.191449675187264e-12
packing_seed_189431,random_near_mean,1e-10,0.22457069591628126,0.0,3.277048922364712e-12
packing_seed_189431,degree,1e-10,0.22270451194654345,0.0,2.3108634656826865e-13
packing_seed_189431,heat_path,1e-10,0.23910112226389213,0.0,5.144975879701826e-14
packing_seed_189431,swap_optimized,1e-10,0.3489244871080437,0.0,2.3149308793734148e-12
packing_seed_189431,mlp,1e-10,0.2580622352789781,0.0,1.4038446051529473e-13
packing_seed_189431,gnn,1e-10,0.2976707672262578,0.0,2.512765781515924e-12
packing_seed_189431,random_near_mean,1e-08,0.22457069591628126,0.0,3.277048922364712e-12
packing_seed_189431,degree,1e-08,0.22270451194654345,0.0,2.3108634656826865e-13
packing_seed_189431,heat_path,1e-08,0.23910112226389213,0.0,5.144975879701826e-14
packing_seed_189431,swap_optimized,1e-08,0.3489244871080437,0.0,2.3149308793734148e-12
packing_seed_189431,mlp,1e-08,0.2580622352789781,0.0,1.4038446051529473e-13
packing_seed_189431,gnn,1e-08,0.2976707672262578,0.0,2.512765781515924e-12
packing_seed_189431,random_near_mean,1e-06,0.22457069591628126,0.0,3.277048922364712e-12
packing_seed_189431,degree,1e-06,0.22270451194654345,0.0,2.3108634656826865e-13
packing_seed_189431,heat_path,1e-06,0.23910112226389213,0.0,5.144975879701826e-14
packing_seed_189431,swap_optimized,1e-06,0.3489244871080437,0.0,2.3149308793734148e-12
packing_seed_189431,mlp,1e-06,0.2580622352789781,0.0,1.4038446051529473e-13
packing_seed_189431,gnn,1e-06,0.2976707672262578,0.0,2.512765781515924e-12
packing_seed_198439,random_near_mean,1e-10,0.23057605607788237,0.0,2.834019387749819e-13
packing_seed_198439,degree,1e-10,0.23287297211665312,0.0,2.9428560373362546e-12
packing_seed_198439,heat_path,1e-10,0.24433592562059028,0.0,7.425096694385829e-14
packing_seed_198439,swap_optimized,1e-10,0.35313995958782074,0.0,3.3798117098223393e-12
packing_seed_198439,mlp,1e-10,0.2629063146938195,0.0,1.3150895503662206e-12
packing_seed_198439,gnn,1e-10,0.3267722074345969,0.0,3.1268702012141615e-12
packing_seed_198439,random_near_mean,1e-08,0.23057605607788237,0.0,2.834019387749819e-13
packing_seed_198439,degree,1e-08,0.23287297211665312,0.0,2.9428560373362546e-12
packing_seed_198439,heat_path,1e-08,0.24433592562059028,0.0,7.425096694385829e-14
packing_seed_198439,swap_optimized,1e-08,0.35313995958782074,0.0,3.3798117098223393e-12
packing_seed_198439,mlp,1e-08,0.2629063146938195,0.0,1.3150895503662206e-12
packing_seed_198439,gnn,1e-08,0.3267722074345969,0.0,3.1268702012141615e-12
packing_seed_198439,random_near_mean,1e-06,0.23057605607788237,0.0,2.834019387749819e-13
packing_seed_198439,degree,1e-06,0.2328729721166412,-5.118128143521972e-12,3.0176117775904735e-12
packing_seed_198439,heat_path,1e-06,0.24433592562059028,0.0,7.425096694385829e-14
packing_seed_198439,swap_optimized,1e-06,0.35313995958782074,0.0,3.3798117098223393e-12
packing_seed_198439,mlp,1e-06,0.2629063146938195,0.0,1.3150895503662206e-12
packing_seed_198439,gnn,1e-06,0.3267722074345969,0.0,3.1268702012141615e-12
packing_seed_207457,random_near_mean,1e-10,0.23739214725413277,0.0,1.8308199221731975e-12
packing_seed_207457,degree,1e-10,0.23876309547740596,0.0,1.9072815076474014e-13
packing_seed_207457,heat_path,1e-10,0.2507630067781787,0.0,6.165886956457293e-14
packing_seed_207457,swap_optimized,1e-10,0.3508911358444097,0.0,4.597801547495002e-13
packing_seed_207457,mlp,1e-10,0.2781874230887165,0.0,4.23790278118349e-12
packing_seed_207457,gnn,1e-10,0.29984365182021433,0.0,3.581772803390607e-12
packing_seed_207457,random_near_mean,1e-08,0.23739214725413277,0.0,1.8308199221731975e-12
packing_seed_207457,degree,1e-08,0.23876309547740596,0.0,1.9072815076474014e-13
packing_seed_207457,heat_path,1e-08,0.2507630067781787,0.0,6.165886956457293e-14
packing_seed_207457,swap_optimized,1e-08,0.3508911358444097,0.0,4.597801547495002e-13
packing_seed_207457,mlp,1e-08,0.2781874230887165,0.0,4.23790278118349e-12
packing_seed_207457,gnn,1e-08,0.29984365182021433,0.0,3.581772803390607e-12
packing_seed_207457,random_near_mean,1e-06,0.23739316593449508,0.0004291129146904993,2.1766743816735126e-12
packing_seed_207457,degree,1e-06,0.23876405293853542,0.00040100884415306126,1.497458137865652e-12
packing_seed_207457,heat_path,1e-06,0.25076405189516493,0.00041677478654911226,1.2164074099954076e-12
packing_seed_207457,swap_optimized,1e-06,0.3508931480592466,0.0005734584409111676,1.0990274777211604e-12
packing_seed_207457,mlp,1e-06,0.27818922611959873,0.0006481352974763155,1.1357392247395562e-12
packing_seed_207457,gnn,1e-06,0.29984539602562515,0.0005817049653078499,4.0612761387753243e-13
packing_seed_216481,random_near_mean,1e-10,0.22926080394192078,0.0,1.9887949741602433e-13
packing_seed_216481,degree,1e-10,0.23411424476067477,0.0,1.5598598519662207e-12
packing_seed_216481,heat_path,1e-10,0.24775793300558643,0.0,1.7308758330492798e-12
packing_seed_216481,swap_optimized,1e-10,0.34494269313755677,0.0,1.879669709561635e-13
packing_seed_216481,mlp,1e-10,0.28450667330036283,0.0,3.839516091119376e-12
packing_seed_216481,gnn,1e-10,0.29883777269428813,0.0,7.364403575783613e-15
packing_seed_216481,random_near_mean,1e-08,0.22926080394192078,0.0,1.9887949741602433e-13
packing_seed_216481,degree,1e-08,0.23411424476067477,0.0,1.5598598519662207e-12
packing_seed_216481,heat_path,1e-08,0.24775793300558643,0.0,1.7308758330492798e-12
packing_seed_216481,swap_optimized,1e-08,0.34494269313755677,0.0,1.879669709561635e-13
packing_seed_216481,mlp,1e-08,0.28450667330036283,0.0,3.839516091119376e-12
packing_seed_216481,gnn,1e-08,0.29883777269428813,0.0,7.364403575783613e-15
packing_seed_216481,random_near_mean,1e-06,0.22926080394192078,0.0,1.9887949741602433e-13
packing_seed_216481,degree,1e-06,0.23411424476067477,0.0,1.5598598519662207e-12
packing_seed_216481,heat_path,1e-06,0.24775793300558643,0.0,1.7308758330492798e-12
packing_seed_216481,swap_optimized,1e-06,0.34494269313755677,0.0,1.879669709561635e-13
packing_seed_216481,mlp,1e-06,0.28450667330036283,0.0,3.839516091119376e-12
packing_seed_216481,gnn,1e-06,0.29883777269428813,0.0,7.364403575783613e-15
packing_seed_225503,random_near_mean,1e-10,0.23185553058932834,0.0,1.545606461071465e-12
packing_seed_225503,degree,1e-10,0.23535496119252322,0.0,2.659828861789506e-12
packing_seed_225503,heat_path,1e-10,0.24396615350815767,0.0,9.225469586823985e-13
packing_seed_225503,swap_optimized,1e-10,0.35818308243356034,0.0,2.1107819315070097e-12
packing_seed_225503,mlp,1e-10,0.26194271974255856,0.0,6.204326143140689e-13
packing_seed_225503,gnn,1e-10,0.28948991697505616,0.0,2.7974168517296353e-12
packing_seed_225503,random_near_mean,1e-08,0.23185553058932834,0.0,1.545606461071465e-12
packing_seed_225503,degree,1e-08,0.23535496119252322,0.0,2.659828861789506e-12
packing_seed_225503,heat_path,1e-08,0.24396615350815767,0.0,9.225469586823985e-13
packing_seed_225503,swap_optimized,1e-08,0.35818308243356034,0.0,2.1107819315070097e-12
packing_seed_225503,mlp,1e-08,0.26194271974255856,0.0,6.204326143140689e-13
packing_seed_225503,gnn,1e-08,0.28948991697505616,0.0,2.7974168517296353e-12
packing_seed_225503,random_near_mean,1e-06,0.23185593342754007,0.00017374535372649547,1.5034985157262855e-12
packing_seed_225503,degree,1e-06,0.23535608122675616,0.0004758914905700351,2.5881269223911318e-12
packing_seed_225503,heat_path,1e-06,0.24396662379114203,0.00019276566753934077,1.329519793543555e-12
packing_seed_225503,swap_optimized,1e-06,0.3581837554481568,0.00018789681295316996,7.275393823198261e-13
packing_seed_225503,mlp,1e-06,0.26194340845017633,0.00026292298500596445,1.6301393224993873e-12
packing_seed_225503,gnn,1e-06,0.2894906806191968,0.0002637895470058993,1.4173203452182117e-12
packing_seed_234529,random_near_mean,1e-10,0.21931236822422778,0.0,1.1165676271677934e-12
packing_seed_234529,degree,1e-10,0.2205959479452762,0.0,4.752877739998116e-13
packing_seed_234529,heat_path,1e-10,0.23379285319374993,0.0,8.639718643193547e-13
packing_seed_234529,swap_optimized,1e-10,0.3364391955679033,0.0,3.5801237385518664e-12
packing_seed_234529,mlp,1e-10,0.25128842475584395,0.0,1.0094055219352733e-12
packing_seed_234529,gnn,1e-10,0.2910421003390246,0.0,1.931519893862642e-12
packing_seed_234529,random_near_mean,1e-08,0.21931236822422778,0.0,1.1165676271677934e-12
packing_seed_234529,degree,1e-08,0.2205959479452762,0.0,4.752877739998116e-13
packing_seed_234529,heat_path,1e-08,0.23379285319374993,0.0,8.639718643193547e-13
packing_seed_234529,swap_optimized,1e-08,0.3364391955679033,0.0,3.5801237385518664e-12
packing_seed_234529,mlp,1e-08,0.25128842475584395,0.0,1.0094055219352733e-12
packing_seed_234529,gnn,1e-08,0.2910421003390246,0.0,1.931519893862642e-12
packing_seed_234529,random_near_mean,1e-06,0.21931236822422778,0.0,1.1448709890731874e-12
packing_seed_234529,degree,1e-06,0.2205959479452762,0.0,4.752877739998116e-13
packing_seed_234529,heat_path,1e-06,0.23379285319375476,2.065014825802791e-12,8.847293947932753e-13
packing_seed_234529,swap_optimized,1e-06,0.3364391955679064,9.325873406851315e-13,3.5708987769392944e-12
packing_seed_234529,mlp,1e-06,0.2512884247558472,1.2878587085651816e-12,1.0222055474636942e-12
packing_seed_234529,gnn,1e-06,0.2910421003391516,4.363176486776865e-11,1.1722514834669044e-12
packing_seed_243551,random_near_mean,1e-10,0.22896147031022154,0.0,5.163332417660999e-13
packing_seed_243551,degree,1e-10,0.2261792056513679,0.0,4.139064322828341e-13
packing_seed_243551,heat_path,1e-10,0.24514916552282606,0.0,1.5151963397691258e-12
packing_seed_243551,swap_optimized,1e-10,0.34685907086762024,0.0,1.2139775412888798e-12
packing_seed_243551,mlp,1e-10,0.26573466147940317,0.0,2.5291350459083344e-12
packing_seed_243551,gnn,1e-10,0.311780125137083,0.0,7.474980923609062e-13
packing_seed_243551,random_near_mean,1e-08,0.22896147031022154,0.0,5.163332417660999e-13
packing_seed_243551,degree,1e-08,0.2261792056513679,0.0,4.139064322828341e-13
packing_seed_243551,heat_path,1e-08,0.24514916552282606,0.0,1.5151963397691258e-12
packing_seed_243551,swap_optimized,1e-08,0.34685907086762024,0.0,1.2139775412888798e-12
packing_seed_243551,mlp,1e-08,0.26573466147940317,0.0,2.5291350459083344e-12
packing_seed_243551,gnn,1e-08,0.311780125137083,0.0,7.474980923609062e-13
packing_seed_243551,random_near_mean,1e-06,0.22896147031022154,0.0,5.163332417660999e-13
packing_seed_243551,degree,1e-06,0.2261792056513679,0.0,4.139064322828341e-13
packing_seed_243551,heat_path,1e-06,0.24514916552282606,0.0,1.5151963397691258e-12
packing_seed_243551,swap_optimized,1e-06,0.34685907086762024,0.0,1.2139775412888798e-12
packing_seed_243551,mlp,1e-06,0.26573466147940317,0.0,2.5291350459083344e-12
packing_seed_243551,gnn,1e-06,0.311780125137083,0.0,7.474980923609062e-13
packing_seed_252563,random_near_mean,1e-10,0.23143693959994735,0.0,2.4962662869222944e-12
packing_seed_252563,degree,1e-10,0.22866615646146293,0.0,1.0642304481231315e-12
packing_seed_252563,heat_path,1e-10,0.24040611573360787,0.0,3.706338513244017e-13
packing_seed_252563,swap_optimized,1e-10,0.33872502112246455,0.0,8.829519196408266e-13
packing_seed_252563,mlp,1e-10,0.26727861306893946,0.0,2.4589988773134126e-12
packing_seed_252563,gnn,1e-10,0.3066043225737329,0.0,1.1399909187070747e-12
packing_seed_252563,random_near_mean,1e-08,0.23143693959994735,0.0,2.4962662869222944e-12
packing_seed_252563,degree,1e-08,0.22866615646146293,0.0,1.0642304481231315e-12
packing_seed_252563,heat_path,1e-08,0.24040611573360787,0.0,3.706338513244017e-13
packing_seed_252563,swap_optimized,1e-08,0.33872502112246455,0.0,8.829519196408266e-13
packing_seed_252563,mlp,1e-08,0.26727861306893946,0.0,2.4589988773134126e-12
packing_seed_252563,gnn,1e-08,0.3066043225737329,0.0,1.1399909187070747e-12
packing_seed_252563,random_near_mean,1e-06,0.23143693959994735,0.0,2.4962662869222944e-12
packing_seed_252563,degree,1e-06,0.22866615646146293,0.0,1.0642304481231315e-12
packing_seed_252563,heat_path,1e-06,0.24040611573360787,0.0,3.706338513244017e-13
packing_seed_252563,swap_optimized,1e-06,0.33872502112246455,0.0,8.829519196408266e-13
packing_seed_252563,mlp,1e-06,0.26727861306893946,0.0,2.4589988773134126e-12
packing_seed_252563,gnn,1e-06,0.3066043225737329,0.0,1.1399909187070747e-12
packing_seed_261581,random_near_mean,1e-10,0.20896784549791222,0.0,4.51426803130345e-12
packing_seed_261581,degree,1e-10,0.21566887444275928,0.0,1.007483912291079e-12
packing_seed_261581,heat_path,1e-10,0.22217858279744032,0.0,1.376719996782757e-12
packing_seed_261581,swap_optimized,1e-10,0.3125722536613636,0.0,2.5130276977020274e-12
packing_seed_261581,mlp,1e-10,0.23680620933389757,0.0,1.2692796274814e-12
packing_seed_261581,gnn,1e-10,0.259070676054318,0.0,1.4940014138372713e-12
packing_seed_261581,random_near_mean,1e-08,0.20896784549791222,0.0,4.51426803130345e-12
packing_seed_261581,degree,1e-08,0.21566887444275928,0.0,1.007483912291079e-12
packing_seed_261581,heat_path,1e-08,0.22217858279744032,0.0,1.376719996782757e-12
packing_seed_261581,swap_optimized,1e-08,0.3125722536613636,0.0,2.5130276977020274e-12
packing_seed_261581,mlp,1e-08,0.23680620933389757,0.0,1.2692796274814e-12
packing_seed_261581,gnn,1e-08,0.259070676054318,0.0,1.4940014138372713e-12
packing_seed_261581,random_near_mean,1e-06,0.2089682725093013,0.00020434310745720552,2.663944674783702e-12
packing_seed_261581,degree,1e-06,0.21566938560303228,0.00023701161064870746,1.187234753190182e-12
packing_seed_261581,heat_path,1e-06,0.222179096874278,0.00023138001477018832,1.4741194304932566e-12
packing_seed_261581,swap_optimized,1e-06,0.31257250959686383,8.188042837087295e-05,2.231032389327563e-12
packing_seed_261581,mlp,1e-06,0.23680644802437398,0.0001007957000309645,2.471595799586213e-12
packing_seed_261581,gnn,1e-06,0.25907098664323824,0.00011988578754174029,2.9453073186595206e-12
packing_seed_270593,random_near_mean,1e-10,0.21712876843676518,-1.665458615462967e-06,7.781133938659412e-13
packing_seed_270593,degree,1e-10,0.22125778195395696,-2.5365743949734565e-06,1.604207546733337e-13
packing_seed_270593,heat_path,1e-10,0.23203673665846564,-2.2828446133438263e-06,4.4261191724821216e-13
packing_seed_270593,swap_optimized,1e-10,0.33064280116713446,-1.0295772567836536e-06,2.4558972136912777e-13
packing_seed_270593,mlp,1e-10,0.2621423355103882,-5.420621063123576e-07,4.089153942630539e-12
packing_seed_270593,gnn,1e-10,0.2822187330040403,-6.0816616187509e-07,4.172968200944864e-13
packing_seed_270593,random_near_mean,1e-08,0.21712877205295503,0.0,1.5697410890704676e-13
packing_seed_270593,degree,1e-08,0.22125778756632533,0.0,4.0487749059477923e-13
packing_seed_270593,heat_path,1e-08,0.2320367419555039,0.0,6.785094620500643e-13
packing_seed_270593,swap_optimized,1e-08,0.3306428045713576,0.0,1.6151918687311869e-12
packing_seed_270593,mlp,1e-08,0.26214233693136246,0.0,5.788447511123292e-13
packing_seed_270593,gnn,1e-08,0.28221873472039916,0.0,5.306687847605012e-13
packing_seed_270593,random_near_mean,1e-06,0.21712903482535845,0.00012102145696690769,5.847538370920145e-13
packing_seed_270593,degree,1e-06,0.22125819539106714,0.00018432107917742968,7.57852753229366e-13
packing_seed_270593,heat_path,1e-06,0.23203712689125597,0.00016589431002245192,1.097043407060211e-12
packing_seed_270593,swap_optimized,1e-06,0.33064305198009314,7.482658994639735e-05,5.288964344649717e-13
packing_seed_270593,mlp,1e-06,0.26214244024529015,3.9411385777121666e-05,1.7996058802997337e-13
packing_seed_270593,gnn,1e-06,0.28221885943424185,4.419049033366207e-05,8.401918794923819e-13
packing_seed_279607,random_near_mean,1e-10,0.2241891514469682,0.0,1.2245505436591515e-12
packing_seed_279607,degree,1e-10,0.22448469142649558,0.0,1.0727419491542723e-12
packing_seed_279607,heat_path,1e-10,0.2425374430976434,0.0,1.22904893541461e-12
packing_seed_279607,swap_optimized,1e-10,0.3411962206774092,0.0,1.9095709764595304e-12
packing_seed_279607,mlp,1e-10,0.26449606735974485,0.0,5.933643715030032e-12
packing_seed_279607,gnn,1e-10,0.2907286687420321,0.0,6.562446489232924e-13
packing_seed_279607,random_near_mean,1e-08,0.2241891514469682,0.0,1.2245505436591515e-12
packing_seed_279607,degree,1e-08,0.22448469142649558,0.0,1.0727419491542723e-12
packing_seed_279607,heat_path,1e-08,0.2425374430976434,0.0,1.22904893541461e-12
packing_seed_279607,swap_optimized,1e-08,0.3411962206774092,0.0,1.9095709764595304e-12
packing_seed_279607,mlp,1e-08,0.26449606735974485,0.0,5.933643715030032e-12
packing_seed_279607,gnn,1e-08,0.2907286687420321,0.0,6.562446489232924e-13
packing_seed_279607,random_near_mean,1e-06,0.2241891514469682,0.0,1.2245505436591515e-12
packing_seed_279607,degree,1e-06,0.22448469142649558,0.0,1.0727419491542723e-12
packing_seed_279607,heat_path,1e-06,0.2425374430976434,0.0,1.22904893541461e-12
packing_seed_279607,swap_optimized,1e-06,0.3411962206774092,0.0,1.9095709764595304e-12
packing_seed_279607,mlp,1e-06,0.26449606735974485,0.0,5.933643715030032e-12
packing_seed_279607,gnn,1e-06,0.2907286687420321,0.0,6.562446489232924e-13
