seed,homogeneous,random,random_sample_sd,degree,heat_path,mlp,gnn,swap_optimized,search_restart_mean,teacher_actual_solves,teacher_unique_allocations,max_energy_imbalance,random_gain_percent,random_recovery_percent,degree_gain_percent,degree_recovery_percent,heat_path_gain_percent,heat_path_recovery_percent,mlp_gain_percent,mlp_recovery_percent,gnn_gain_percent,gnn_recovery_percent,swap_optimized_gain_percent,swap_optimized_recovery_percent
18427,0.19328328783092025,0.23025055868271022,0.004089094149166669,0.23131301358879577,0.24367558467968223,0.2804978166086435,0.3007688203169897,0.3450573537238081,0.33854848971407037,14967,14667,6.595622036403077e-12,0.0,0.0,0.46143423588806964,0.9254285913174624,5.830616035756053,11.693581370480903,21.82286037150294,43.76679786936482,30.626749414951494,61.42342150482972,49.86167924973588,100.0
29173,0.2039874470530446,0.2425617532884847,0.004512896523141662,0.2405583187835307,0.2538622104416306,0.27661925238161406,0.29059592185945016,0.3646634528079009,0.3593385069603404,14957,14830,8.697946598997257e-12,0.0,0.0,-0.8259482287676478,-1.640791662064797,4.658795956057427,9.254954843072381,14.040754006516408,27.89273140929021,19.802861712430484,39.339475830413996,50.33839748601983,100.0
37811,0.19851722758977827,0.23504755358669704,0.00458372700684507,0.23919513964909708,0.2543861817848038,0.2867411627403145,0.3192610393144542,0.36363465123763283,0.35709108631167297,14960,14834,6.474371154945393e-12,0.0,0.0,1.7645731679016174,3.225507176201402,8.22753859932166,15.039322413671448,21.992830116630135,40.201241102700386,35.828275786199626,65.49139631128793,54.70684365302554,100.0
46549,0.1912370510121461,0.2267070396684303,0.004458616223405736,0.2292657076623281,0.24494262860217544,0.2708556368108633,0.3148885565985241,0.3654591455210398,0.3523576354044011,14955,14849,6.761694014839088e-12,0.0,0.0,1.128623088916858,1.8440570528102465,8.043680055288771,13.142567330196796,19.47385366021379,31.81832583451393,38.89668228170744,63.553281867855254,61.20326305506039,100.0
55291,0.19517192761352758,0.23231042628410176,0.005153979314506315,0.22862247953429204,0.2536642049065472,0.28965698002117846,0.30487777794858717,0.35839950304131096,0.3519202730026291,14960,14854,7.066768362124248e-12,0.0,0.0,-1.5875080635853966,-2.924874100641594,9.191915732757948,16.935470678053406,24.685312086227796,45.48098472280858,31.237234085972474,57.55244905489907,54.276116132217766,100.0
64109,0.18676391460040867,0.22170151062767673,0.005106891315015459,0.2204002933078917,0.23423184403431305,0.26679984781358673,0.27133202937880324,0.3416668231921001,0.33344354675482746,14982,14878,6.728378425685877e-12,0.0,0.0,-0.5869230733255071,-1.0846613008124741,5.651893562276911,10.444963747255953,20.341916957727758,37.59281430762866,22.386188804313335,41.37072432872968,54.11118409828606,100.0
72869,0.1962337574502605,0.23405284890453923,0.00471763200851623,0.23590968373297702,0.2485467952529345,0.2748787141535738,0.2948322412994541,0.354651217746143,0.34870636373415415,14968,14844,7.221608465846507e-12,0.0,0.0,0.7933399816018039,1.539684861639045,6.192595568151682,12.01836018813148,17.443011456650037,33.852750780282975,25.968234387825962,50.39818778539511,51.52612728537691,100.0
81647,0.19536841579336633,0.23222318958097815,0.003902146956706084,0.23374118347610406,0.24730768743241782,0.27423106659687324,0.3016549977840959,0.3444228363207201,0.33935832458661486,14962,14873,6.565663523421742e-12,0.0,0.0,0.6536788586294806,1.3529399951205265,6.495689719298925,13.44433631456045,18.089441063872137,37.440293473772215,29.89874022848449,61.88237683508183,48.315436086376295,100.0
90439,0.20020190253883127,0.23853720457191052,0.005190277898500987,0.2351648506694014,0.2493493020376197,0.285383830953973,0.3093127260314777,0.34575586233233463,0.34001494927815185,14968,14854,5.987964444428048e-12,0.0,0.0,-1.4137643260141775,-3.1453050923697536,4.532667130527113,10.084156705140252,19.639127768825638,43.69260664197033,29.670642609644094,66.01045278678296,44.948400377561,100.0
99223,0.18122528340131236,0.2153324699668845,0.004009248582348427,0.21891713831697857,0.2308471363983339,0.23903662030150544,0.262636290645361,0.3276790101517193,0.31978030656157863,14963,14808,6.467082063285325e-12,0.0,0.0,1.6647133387014845,3.190724293063684,7.204982339094235,13.809652176136773,11.008163487033041,21.099136916564053,21.967806659976198,42.105275872894076,52.17352506201798,100.0
108301,0.19575341495210832,0.23258886691059594,0.004467130825066681,0.22954296714079495,0.24883877867165186,0.27439892834999735,0.3161144048929665,0.3606491252962163,0.3521068599290315,14959,14848,6.888986919621665e-12,0.0,0.0,-1.3095638713317204,-2.3784894769062954,6.986538941823972,12.689269853043333,17.9759512975626,32.64874049644756,35.91123646278249,65.2236213133781,55.05863633397596,100.0
117307,0.1907017703957688,0.22705121590284016,0.004355402805189185,0.223407184574685,0.2417472563213092,0.2672523329021978,0.28759598977519524,0.3391766861579462,0.33210450925161095,14959,14813,7.496446237815759e-12,0.0,0.0,-1.6049380372904598,-3.249958568614536,6.472566271020441,13.106781523442299,17.705748387870557,35.85368864709571,26.665690219542103,53.99734220476809,49.383338384361174,100.0
126323,0.19064796758110816,0.22721437801882508,0.004685107465094281,0.2332958481188258,0.2464411277113596,0.26339593356008323,0.3135839562961448,0.3407547956296546,0.33315543453817215,14951,14819,7.385921900032394e-12,0.0,0.0,2.676534008555076,5.3562160752707,8.46194235601656,16.93383739210473,15.923972706630597,31.866674707216454,38.01237361403415,76.06945622955126,49.97061303991182,100.0
135347,0.19450575282162308,0.2313201705875992,0.0052341202470194016,0.2369809663594544,0.24254090442691667,0.2845460297033303,0.28257876592786,0.35303520859310933,0.34701385907331767,14979,14878,6.5278311801140715e-12,0.0,0.0,2.4471691152032404,4.650859798933735,4.850737318243614,9.218855798910804,23.009605682257117,43.72989565457108,22.159155083646098,42.11360911536691,52.61756365488135,100.0
144359,0.19029282121967628,0.22532359018560935,0.003950172508550098,0.22821420070428072,0.2398117749422041,0.2708661182785491,0.288242957403472,0.33854033659033156,0.32796863881662863,14952,14824,5.900046485390949e-12,0.0,0.0,1.2828707887577284,2.5531651548598164,6.429945814666005,12.796856663591997,20.212055051769905,40.225964390582604,27.924003503598136,55.57425841663148,50.24629081733536,100.0
153371,0.20125902796103057,0.2394623853557625,0.005345912303006642,0.23860868501249696,0.2579835076708057,0.27653084684063084,0.30967033988575626,0.3573692903904852,0.3527494590134174,14973,14899,5.937624041260586e-12,0.0,0.0,-0.3565070739595333,-0.7240460963792846,7.734459960184092,15.708259248759736,15.479868134528418,31.438753713323194,29.318990715676605,59.54524419864811,49.23817361108791,100.0
162389,0.19668400654380974,0.23361707096297318,0.004347087278497865,0.23409641711101317,0.24980016250907847,0.273631426103909,0.3017291728017201,0.3561051579934258,0.34375572158640244,14958,14795,7.449151050541067e-12,0.0,0.0,0.20518455524851653,0.391341035410909,6.927187075584129,13.211971823906348,17.12818116244503,32.66795662421242,29.155447227374175,55.60712350892795,52.43113721337007,100.0
171401,0.18722682934348303,0.22155856446967215,0.0034065616713771793,0.22757247135011,0.24550730760065698,0.25353663955704625,0.29294471075993384,0.33738168415592656,0.3296656363407675,14955,14808,6.171657639595359e-12,0.0,0.0,2.7143644367045194,5.192319889784113,10.809215698029595,20.676997127911935,14.433238075863851,27.609405768034392,32.21998953691241,61.63376231242509,52.276525605539724,100.0
180413,0.1856424928598726,0.2208551181154963,0.0043661561130825316,0.22297236664155223,0.23643944241431497,0.27410412982015864,0.2929698386881824,0.34443469617007993,0.3417275000122736,14957,14868,8.86916219279398e-12,0.0,0.0,0.9586594796271442,1.7132673208519724,7.056356416729659,12.61076024384487,24.110381574592154,43.088844081619115,32.652501417229395,58.35488493158138,55.95504379027234,100.0
189431,0.18873910448503103,0.22451569106209524,0.004306371663851946,0.22270451194654345,0.23910112226389213,0.2580622352789781,0.2976707672262578,0.3489244871080437,0.33760890685939104,14964,14910,7.166409512319976e-12,0.0,0.0,-0.8067049153597239,-1.4558288265106718,6.496397259718889,11.72379418928706,14.941737059974457,26.964768796969118,32.583502657696094,58.80217355141342,55.412071850042864,100.0
198439,0.19389654234441916,0.23055415916999508,0.0047260188646224095,0.23287297211665312,0.24433592562059028,0.2629063146938195,0.3267722074345969,0.35313995958782074,0.3429654450277442,14954,14781,5.67696535937592e-12,0.0,0.0,1.0057562852068491,1.8915836408087325,5.977669845649358,11.242547182154013,14.032345215672336,26.391438007953774,41.733382130685,78.49036995855059,53.170066790007084,100.0
207457,0.20027354150106957,0.23734214129182787,0.0045788313391158615,0.23876309547740596,0.2507630067781787,0.2781874230887165,0.29984365182021433,0.3508911358444097,0.3446970452188143,14958,14786,6.7936712966333996e-12,0.0,0.0,0.5986944323683963,1.2514018210175109,5.654649196852479,11.819448986962138,17.209451964397115,35.971504598373336,26.333928811882057,55.04364946132879,47.84190196251992,100.0
216481,0.19254782463454354,0.22924737470196443,0.004508716048648136,0.23411424476067477,0.24775793300558643,0.28450667330036283,0.29883777269428813,0.34494269313755677,0.3382573657640835,14964,14797,6.000842935397266e-12,0.0,0.0,2.122977445232488,4.206626615941878,8.07449085412073,15.999401318841471,24.10465928791501,47.762778430106735,30.356028322154383,60.149709541674085,50.46745620795148,100.0
225503,0.19566192688962591,0.2319497081722993,0.004404304797883565,0.23535496119252322,0.24396615350815767,0.26194271974255856,0.28948991697505616,0.35818308243356034,0.3351358698662831,14966,14844,7.623388478064133e-12,0.0,0.0,1.4680997217269232,2.6975853574001682,5.180625330613564,9.519230081728104,12.930825309760486,23.75996977485821,24.807191721066644,45.582405714409404,54.422734676385566,100.0
234529,0.18523103669641952,0.21922682520503314,0.004756980210614254,0.2205959479452762,0.23379285319374993,0.25128842475584395,0.2910421003390246,0.3364391955679033,0.32848187217507246,14965,14849,9.013072105491417e-12,0.0,0.0,0.6245233624865953,1.1680701755322271,6.644272650070904,12.427039862450323,14.62485237416773,27.35342647841127,32.758434131783744,61.269365094881394,53.46625361802626,100.0
243551,0.19235985293715305,0.22893875376487893,0.005020032294304989,0.2261792056513679,0.24514916552282606,0.26573466147940317,0.311780125137083,0.34685907086762024,0.3417022834570181,14968,14883,7.328624916137538e-12,0.0,0.0,-1.2053652202305143,-2.340180370365441,7.0806761596139856,13.746920086572837,16.072380542576802,31.20404406855927,36.184949035444866,70.25199169030917,51.50736394059607,100.0
252563,0.19491390853132132,0.23133477295611363,0.004723241691928144,0.22866615646146293,0.24040611573360787,0.26727861306893946,0.3066043225737329,0.33872502112246455,0.33428101799365406,14980,14902,6.720683214388949e-12,0.0,0.0,-1.153573438419897,-2.484970972892177,3.921305328021374,8.447082423575784,15.537586353109445,33.47030175137288,32.53706680400295,70.08974362460204,46.42200858697705,100.0
261581,0.1762105041571335,0.20898230659451122,0.004050769942223992,0.21566887444275928,0.22217858279744032,0.23680620933389757,0.259070676054318,0.3125722536613636,0.3046251386981662,14973,14885,8.613374791393481e-12,0.0,0.0,3.1995856286637814,6.454842422047811,6.314542325601691,12.73895448021882,13.313999253234932,26.859655330676077,23.9677560631931,48.35253890754665,49.56876433938886,100.0
270593,0.18264255738635965,0.21712387521141452,0.0048717583431262135,0.22125778756632533,0.2320367419555039,0.26214233693136246,0.28221873472039916,0.3306428045713576,0.32463069932112054,14970,14886,6.853449720097664e-12,0.0,0.0,1.9039418630887983,3.6416061869321403,6.868367990193902,13.136898690088959,20.733998818008036,39.657228951838064,29.98051662701833,57.34273559133335,52.28302472466888,100.0
279607,0.1891828029411956,0.22421418313313388,0.003529663589168502,0.22448469142649558,0.2425374430976434,0.26449606735974485,0.2907286687420321,0.3411962206774092,0.33214513459223627,14959,14847,7.575386821951825e-12,0.0,0.0,0.12064727109661888,0.2312391705943033,8.172212706824865,15.663310666455574,17.965805580948647,34.4342474043206,29.665601292226597,56.85871694936402,52.17423621895219,100.0
